SUBJECT NUMBER, AGE, DIA, HR, LVET, MBP, PWV, SV
1,25,0,0,0,0,0,0
2,35,0,0,0,0,0,0
3,45,0,0,0,0,0,0
4,55,0,0,0,0,0,0
5,65,0,0,0,0,0,0
6,75,0,0,0,0,0,0
7,25,-1,0,0,0,0,0
8,25,0,-1,0,0,0,0
9,25,0,0,-1,0,0,0
10,25,0,0,0,-1,0,0
11,25,0,0,0,0,-1,0
12,25,0,0,0,0,0,-1
13,25,0,0,0,0,0,1
14,25,0,0,0,0,1,0
15,25,0,0,0,1,0,0
16,25,0,0,1,0,0,0
17,25,0,1,0,0,0,0
18,25,1,0,0,0,0,0
19,35,-1,0,0,0,0,0
20,35,0,-1,0,0,0,0
21,35,0,0,-1,0,0,0
22,35,0,0,0,-1,0,0
23,35,0,0,0,0,-1,0
24,35,0,0,0,0,0,-1
25,35,0,0,0,0,0,1
26,35,0,0,0,0,1,0
27,35,0,0,0,1,0,0
28,35,0,0,1,0,0,0
29,35,0,1,0,0,0,0
30,35,1,0,0,0,0,0
31,45,-1,0,0,0,0,0
32,45,0,-1,0,0,0,0
33,45,0,0,-1,0,0,0
34,45,0,0,0,-1,0,0
35,45,0,0,0,0,-1,0
36,45,0,0,0,0,0,-1
37,45,0,0,0,0,0,1
38,45,0,0,0,0,1,0
39,45,0,0,0,1,0,0
40,45,0,0,1,0,0,0
41,45,0,1,0,0,0,0
42,45,1,0,0,0,0,0
43,55,-1,0,0,0,0,0
44,55,0,-1,0,0,0,0
45,55,0,0,-1,0,0,0
46,55,0,0,0,-1,0,0
47,55,0,0,0,0,-1,0
48,55,0,0,0,0,0,-1
49,55,0,0,0,0,0,1
50,55,0,0,0,0,1,0
51,55,0,0,0,1,0,0
52,55,0,0,1,0,0,0
53,55,0,1,0,0,0,0
54,55,1,0,0,0,0,0
55,65,-1,0,0,0,0,0
56,65,0,-1,0,0,0,0
57,65,0,0,-1,0,0,0
58,65,0,0,0,-1,0,0
59,65,0,0,0,0,-1,0
60,65,0,0,0,0,0,-1
61,65,0,0,0,0,0,1
62,65,0,0,0,0,1,0
63,65,0,0,0,1,0,0
64,65,0,0,1,0,0,0
65,65,0,1,0,0,0,0
66,65,1,0,0,0,0,0
67,75,-1,0,0,0,0,0
68,75,0,-1,0,0,0,0
69,75,0,0,-1,0,0,0
70,75,0,0,0,-1,0,0
71,75,0,0,0,0,-1,0
72,75,0,0,0,0,0,-1
73,75,0,0,0,0,0,1
74,75,0,0,0,0,1,0
75,75,0,0,0,1,0,0
76,75,0,0,1,0,0,0
77,75,0,1,0,0,0,0
78,75,1,0,0,0,0,0
79,25,-1,-1,-1,-1,-1,-1
80,25,1,-1,-1,-1,-1,-1
81,25,-1,1,-1,-1,-1,-1
82,25,1,1,-1,-1,-1,-1
83,25,-1,-1,1,-1,-1,-1
84,25,1,-1,1,-1,-1,-1
85,25,-1,1,1,-1,-1,-1
86,25,1,1,1,-1,-1,-1
87,25,-1,-1,-1,1,-1,-1
88,25,1,-1,-1,1,-1,-1
89,25,-1,1,-1,1,-1,-1
90,25,1,1,-1,1,-1,-1
91,25,-1,-1,1,1,-1,-1
92,25,1,-1,1,1,-1,-1
93,25,-1,1,1,1,-1,-1
94,25,1,1,1,1,-1,-1
95,25,-1,-1,-1,-1,1,-1
96,25,1,-1,-1,-1,1,-1
97,25,-1,1,-1,-1,1,-1
98,25,1,1,-1,-1,1,-1
99,25,-1,-1,1,-1,1,-1
100,25,1,-1,1,-1,1,-1
101,25,-1,1,1,-1,1,-1
102,25,1,1,1,-1,1,-1
103,25,-1,-1,-1,1,1,-1
104,25,1,-1,-1,1,1,-1
105,25,-1,1,-1,1,1,-1
106,25,1,1,-1,1,1,-1
107,25,-1,-1,1,1,1,-1
108,25,1,-1,1,1,1,-1
109,25,-1,1,1,1,1,-1
110,25,1,1,1,1,1,-1
111,25,-1,-1,-1,-1,-1,1
112,25,1,-1,-1,-1,-1,1
113,25,-1,1,-1,-1,-1,1
114,25,1,1,-1,-1,-1,1
115,25,-1,-1,1,-1,-1,1
116,25,1,-1,1,-1,-1,1
117,25,-1,1,1,-1,-1,1
118,25,1,1,1,-1,-1,1
119,25,-1,-1,-1,1,-1,1
120,25,1,-1,-1,1,-1,1
121,25,-1,1,-1,1,-1,1
122,25,1,1,-1,1,-1,1
123,25,-1,-1,1,1,-1,1
124,25,1,-1,1,1,-1,1
125,25,-1,1,1,1,-1,1
126,25,1,1,1,1,-1,1
127,25,-1,-1,-1,-1,1,1
128,25,1,-1,-1,-1,1,1
129,25,-1,1,-1,-1,1,1
130,25,1,1,-1,-1,1,1
131,25,-1,-1,1,-1,1,1
132,25,1,-1,1,-1,1,1
133,25,-1,1,1,-1,1,1
134,25,1,1,1,-1,1,1
135,25,-1,-1,-1,1,1,1
136,25,1,-1,-1,1,1,1
137,25,-1,1,-1,1,1,1
138,25,1,1,-1,1,1,1
139,25,-1,-1,1,1,1,1
140,25,1,-1,1,1,1,1
141,25,-1,1,1,1,1,1
142,25,1,1,1,1,1,1
143,35,-1,-1,-1,-1,-1,-1
144,35,1,-1,-1,-1,-1,-1
145,35,-1,1,-1,-1,-1,-1
146,35,1,1,-1,-1,-1,-1
147,35,-1,-1,1,-1,-1,-1
148,35,1,-1,1,-1,-1,-1
149,35,-1,1,1,-1,-1,-1
150,35,1,1,1,-1,-1,-1
151,35,-1,-1,-1,1,-1,-1
152,35,1,-1,-1,1,-1,-1
153,35,-1,1,-1,1,-1,-1
154,35,1,1,-1,1,-1,-1
155,35,-1,-1,1,1,-1,-1
156,35,1,-1,1,1,-1,-1
157,35,-1,1,1,1,-1,-1
158,35,1,1,1,1,-1,-1
159,35,-1,-1,-1,-1,1,-1
160,35,1,-1,-1,-1,1,-1
161,35,-1,1,-1,-1,1,-1
162,35,1,1,-1,-1,1,-1
163,35,-1,-1,1,-1,1,-1
164,35,1,-1,1,-1,1,-1
165,35,-1,1,1,-1,1,-1
166,35,1,1,1,-1,1,-1
167,35,-1,-1,-1,1,1,-1
168,35,1,-1,-1,1,1,-1
169,35,-1,1,-1,1,1,-1
170,35,1,1,-1,1,1,-1
171,35,-1,-1,1,1,1,-1
172,35,1,-1,1,1,1,-1
173,35,-1,1,1,1,1,-1
174,35,1,1,1,1,1,-1
175,35,-1,-1,-1,-1,-1,1
176,35,1,-1,-1,-1,-1,1
177,35,-1,1,-1,-1,-1,1
178,35,1,1,-1,-1,-1,1
179,35,-1,-1,1,-1,-1,1
180,35,1,-1,1,-1,-1,1
181,35,-1,1,1,-1,-1,1
182,35,1,1,1,-1,-1,1
183,35,-1,-1,-1,1,-1,1
184,35,1,-1,-1,1,-1,1
185,35,-1,1,-1,1,-1,1
186,35,1,1,-1,1,-1,1
187,35,-1,-1,1,1,-1,1
188,35,1,-1,1,1,-1,1
189,35,-1,1,1,1,-1,1
190,35,1,1,1,1,-1,1
191,35,-1,-1,-1,-1,1,1
192,35,1,-1,-1,-1,1,1
193,35,-1,1,-1,-1,1,1
194,35,1,1,-1,-1,1,1
195,35,-1,-1,1,-1,1,1
196,35,1,-1,1,-1,1,1
197,35,-1,1,1,-1,1,1
198,35,1,1,1,-1,1,1
199,35,-1,-1,-1,1,1,1
200,35,1,-1,-1,1,1,1
201,35,-1,1,-1,1,1,1
202,35,1,1,-1,1,1,1
203,35,-1,-1,1,1,1,1
204,35,1,-1,1,1,1,1
205,35,-1,1,1,1,1,1
206,35,1,1,1,1,1,1
207,45,-1,-1,-1,-1,-1,-1
208,45,1,-1,-1,-1,-1,-1
209,45,-1,1,-1,-1,-1,-1
210,45,1,1,-1,-1,-1,-1
211,45,-1,-1,1,-1,-1,-1
212,45,1,-1,1,-1,-1,-1
213,45,-1,1,1,-1,-1,-1
214,45,1,1,1,-1,-1,-1
215,45,-1,-1,-1,1,-1,-1
216,45,1,-1,-1,1,-1,-1
217,45,-1,1,-1,1,-1,-1
218,45,1,1,-1,1,-1,-1
219,45,-1,-1,1,1,-1,-1
220,45,1,-1,1,1,-1,-1
221,45,-1,1,1,1,-1,-1
222,45,1,1,1,1,-1,-1
223,45,-1,-1,-1,-1,1,-1
224,45,1,-1,-1,-1,1,-1
225,45,-1,1,-1,-1,1,-1
226,45,1,1,-1,-1,1,-1
227,45,-1,-1,1,-1,1,-1
228,45,1,-1,1,-1,1,-1
229,45,-1,1,1,-1,1,-1
230,45,1,1,1,-1,1,-1
231,45,-1,-1,-1,1,1,-1
232,45,1,-1,-1,1,1,-1
233,45,-1,1,-1,1,1,-1
234,45,1,1,-1,1,1,-1
235,45,-1,-1,1,1,1,-1
236,45,1,-1,1,1,1,-1
237,45,-1,1,1,1,1,-1
238,45,1,1,1,1,1,-1
239,45,-1,-1,-1,-1,-1,1
240,45,1,-1,-1,-1,-1,1
241,45,-1,1,-1,-1,-1,1
242,45,1,1,-1,-1,-1,1
243,45,-1,-1,1,-1,-1,1
244,45,1,-1,1,-1,-1,1
245,45,-1,1,1,-1,-1,1
246,45,1,1,1,-1,-1,1
247,45,-1,-1,-1,1,-1,1
248,45,1,-1,-1,1,-1,1
249,45,-1,1,-1,1,-1,1
250,45,1,1,-1,1,-1,1
251,45,-1,-1,1,1,-1,1
252,45,1,-1,1,1,-1,1
253,45,-1,1,1,1,-1,1
254,45,1,1,1,1,-1,1
255,45,-1,-1,-1,-1,1,1
256,45,1,-1,-1,-1,1,1
257,45,-1,1,-1,-1,1,1
258,45,1,1,-1,-1,1,1
259,45,-1,-1,1,-1,1,1
260,45,1,-1,1,-1,1,1
261,45,-1,1,1,-1,1,1
262,45,1,1,1,-1,1,1
263,45,-1,-1,-1,1,1,1
264,45,1,-1,-1,1,1,1
265,45,-1,1,-1,1,1,1
266,45,1,1,-1,1,1,1
267,45,-1,-1,1,1,1,1
268,45,1,-1,1,1,1,1
269,45,-1,1,1,1,1,1
270,45,1,1,1,1,1,1
271,55,-1,-1,-1,-1,-1,-1
272,55,1,-1,-1,-1,-1,-1
273,55,-1,1,-1,-1,-1,-1
274,55,1,1,-1,-1,-1,-1
275,55,-1,-1,1,-1,-1,-1
276,55,1,-1,1,-1,-1,-1
277,55,-1,1,1,-1,-1,-1
278,55,1,1,1,-1,-1,-1
279,55,-1,-1,-1,1,-1,-1
280,55,1,-1,-1,1,-1,-1
281,55,-1,1,-1,1,-1,-1
282,55,1,1,-1,1,-1,-1
283,55,-1,-1,1,1,-1,-1
284,55,1,-1,1,1,-1,-1
285,55,-1,1,1,1,-1,-1
286,55,1,1,1,1,-1,-1
287,55,-1,-1,-1,-1,1,-1
288,55,1,-1,-1,-1,1,-1
289,55,-1,1,-1,-1,1,-1
290,55,1,1,-1,-1,1,-1
291,55,-1,-1,1,-1,1,-1
292,55,1,-1,1,-1,1,-1
293,55,-1,1,1,-1,1,-1
294,55,1,1,1,-1,1,-1
295,55,-1,-1,-1,1,1,-1
296,55,1,-1,-1,1,1,-1
297,55,-1,1,-1,1,1,-1
298,55,1,1,-1,1,1,-1
299,55,-1,-1,1,1,1,-1
300,55,1,-1,1,1,1,-1
301,55,-1,1,1,1,1,-1
302,55,1,1,1,1,1,-1
303,55,-1,-1,-1,-1,-1,1
304,55,1,-1,-1,-1,-1,1
305,55,-1,1,-1,-1,-1,1
306,55,1,1,-1,-1,-1,1
307,55,-1,-1,1,-1,-1,1
308,55,1,-1,1,-1,-1,1
309,55,-1,1,1,-1,-1,1
310,55,1,1,1,-1,-1,1
311,55,-1,-1,-1,1,-1,1
312,55,1,-1,-1,1,-1,1
313,55,-1,1,-1,1,-1,1
314,55,1,1,-1,1,-1,1
315,55,-1,-1,1,1,-1,1
316,55,1,-1,1,1,-1,1
317,55,-1,1,1,1,-1,1
318,55,1,1,1,1,-1,1
319,55,-1,-1,-1,-1,1,1
320,55,1,-1,-1,-1,1,1
321,55,-1,1,-1,-1,1,1
322,55,1,1,-1,-1,1,1
323,55,-1,-1,1,-1,1,1
324,55,1,-1,1,-1,1,1
325,55,-1,1,1,-1,1,1
326,55,1,1,1,-1,1,1
327,55,-1,-1,-1,1,1,1
328,55,1,-1,-1,1,1,1
329,55,-1,1,-1,1,1,1
330,55,1,1,-1,1,1,1
331,55,-1,-1,1,1,1,1
332,55,1,-1,1,1,1,1
333,55,-1,1,1,1,1,1
334,55,1,1,1,1,1,1
335,65,-1,-1,-1,-1,-1,-1
336,65,1,-1,-1,-1,-1,-1
337,65,-1,1,-1,-1,-1,-1
338,65,1,1,-1,-1,-1,-1
339,65,-1,-1,1,-1,-1,-1
340,65,1,-1,1,-1,-1,-1
341,65,-1,1,1,-1,-1,-1
342,65,1,1,1,-1,-1,-1
343,65,-1,-1,-1,1,-1,-1
344,65,1,-1,-1,1,-1,-1
345,65,-1,1,-1,1,-1,-1
346,65,1,1,-1,1,-1,-1
347,65,-1,-1,1,1,-1,-1
348,65,1,-1,1,1,-1,-1
349,65,-1,1,1,1,-1,-1
350,65,1,1,1,1,-1,-1
351,65,-1,-1,-1,-1,1,-1
352,65,1,-1,-1,-1,1,-1
353,65,-1,1,-1,-1,1,-1
354,65,1,1,-1,-1,1,-1
355,65,-1,-1,1,-1,1,-1
356,65,1,-1,1,-1,1,-1
357,65,-1,1,1,-1,1,-1
358,65,1,1,1,-1,1,-1
359,65,-1,-1,-1,1,1,-1
360,65,1,-1,-1,1,1,-1
361,65,-1,1,-1,1,1,-1
362,65,1,1,-1,1,1,-1
363,65,-1,-1,1,1,1,-1
364,65,1,-1,1,1,1,-1
365,65,-1,1,1,1,1,-1
366,65,1,1,1,1,1,-1
367,65,-1,-1,-1,-1,-1,1
368,65,1,-1,-1,-1,-1,1
369,65,-1,1,-1,-1,-1,1
370,65,1,1,-1,-1,-1,1
371,65,-1,-1,1,-1,-1,1
372,65,1,-1,1,-1,-1,1
373,65,-1,1,1,-1,-1,1
374,65,1,1,1,-1,-1,1
375,65,-1,-1,-1,1,-1,1
376,65,1,-1,-1,1,-1,1
377,65,-1,1,-1,1,-1,1
378,65,1,1,-1,1,-1,1
379,65,-1,-1,1,1,-1,1
380,65,1,-1,1,1,-1,1
381,65,-1,1,1,1,-1,1
382,65,1,1,1,1,-1,1
383,65,-1,-1,-1,-1,1,1
384,65,1,-1,-1,-1,1,1
385,65,-1,1,-1,-1,1,1
386,65,1,1,-1,-1,1,1
387,65,-1,-1,1,-1,1,1
388,65,1,-1,1,-1,1,1
389,65,-1,1,1,-1,1,1
390,65,1,1,1,-1,1,1
391,65,-1,-1,-1,1,1,1
392,65,1,-1,-1,1,1,1
393,65,-1,1,-1,1,1,1
394,65,1,1,-1,1,1,1
395,65,-1,-1,1,1,1,1
396,65,1,-1,1,1,1,1
397,65,-1,1,1,1,1,1
398,65,1,1,1,1,1,1
399,75,-1,-1,-1,-1,-1,-1
400,75,1,-1,-1,-1,-1,-1
401,75,-1,1,-1,-1,-1,-1
402,75,1,1,-1,-1,-1,-1
403,75,-1,-1,1,-1,-1,-1
404,75,1,-1,1,-1,-1,-1
405,75,-1,1,1,-1,-1,-1
406,75,1,1,1,-1,-1,-1
407,75,-1,-1,-1,1,-1,-1
408,75,1,-1,-1,1,-1,-1
409,75,-1,1,-1,1,-1,-1
410,75,1,1,-1,1,-1,-1
411,75,-1,-1,1,1,-1,-1
412,75,1,-1,1,1,-1,-1
413,75,-1,1,1,1,-1,-1
414,75,1,1,1,1,-1,-1
415,75,-1,-1,-1,-1,1,-1
416,75,1,-1,-1,-1,1,-1
417,75,-1,1,-1,-1,1,-1
418,75,1,1,-1,-1,1,-1
419,75,-1,-1,1,-1,1,-1
420,75,1,-1,1,-1,1,-1
421,75,-1,1,1,-1,1,-1
422,75,1,1,1,-1,1,-1
423,75,-1,-1,-1,1,1,-1
424,75,1,-1,-1,1,1,-1
425,75,-1,1,-1,1,1,-1
426,75,1,1,-1,1,1,-1
427,75,-1,-1,1,1,1,-1
428,75,1,-1,1,1,1,-1
429,75,-1,1,1,1,1,-1
430,75,1,1,1,1,1,-1
431,75,-1,-1,-1,-1,-1,1
432,75,1,-1,-1,-1,-1,1
433,75,-1,1,-1,-1,-1,1
434,75,1,1,-1,-1,-1,1
435,75,-1,-1,1,-1,-1,1
436,75,1,-1,1,-1,-1,1
437,75,-1,1,1,-1,-1,1
438,75,1,1,1,-1,-1,1
439,75,-1,-1,-1,1,-1,1
440,75,1,-1,-1,1,-1,1
441,75,-1,1,-1,1,-1,1
442,75,1,1,-1,1,-1,1
443,75,-1,-1,1,1,-1,1
444,75,1,-1,1,1,-1,1
445,75,-1,1,1,1,-1,1
446,75,1,1,1,1,-1,1
447,75,-1,-1,-1,-1,1,1
448,75,1,-1,-1,-1,1,1
449,75,-1,1,-1,-1,1,1
450,75,1,1,-1,-1,1,1
451,75,-1,-1,1,-1,1,1
452,75,1,-1,1,-1,1,1
453,75,-1,1,1,-1,1,1
454,75,1,1,1,-1,1,1
455,75,-1,-1,-1,1,1,1
456,75,1,-1,-1,1,1,1
457,75,-1,1,-1,1,1,1
458,75,1,1,-1,1,1,1
459,75,-1,-1,1,1,1,1
460,75,1,-1,1,1,1,1
461,75,-1,1,1,1,1,1
462,75,1,1,1,1,1,1
463,25,0,-1,-1,-1,-1,-1
464,25,-1,0,-1,-1,-1,-1
465,25,0,0,-1,-1,-1,-1
466,25,1,0,-1,-1,-1,-1
467,25,0,1,-1,-1,-1,-1
468,25,-1,-1,0,-1,-1,-1
469,25,0,-1,0,-1,-1,-1
470,25,1,-1,0,-1,-1,-1
471,25,-1,0,0,-1,-1,-1
472,25,0,0,0,-1,-1,-1
473,25,1,0,0,-1,-1,-1
474,25,-1,1,0,-1,-1,-1
475,25,0,1,0,-1,-1,-1
476,25,1,1,0,-1,-1,-1
477,25,0,-1,1,-1,-1,-1
478,25,-1,0,1,-1,-1,-1
479,25,0,0,1,-1,-1,-1
480,25,1,0,1,-1,-1,-1
481,25,0,1,1,-1,-1,-1
482,25,-1,-1,-1,0,-1,-1
483,25,0,-1,-1,0,-1,-1
484,25,1,-1,-1,0,-1,-1
485,25,-1,0,-1,0,-1,-1
486,25,0,0,-1,0,-1,-1
487,25,1,0,-1,0,-1,-1
488,25,-1,1,-1,0,-1,-1
489,25,0,1,-1,0,-1,-1
490,25,1,1,-1,0,-1,-1
491,25,-1,-1,0,0,-1,-1
492,25,0,-1,0,0,-1,-1
493,25,1,-1,0,0,-1,-1
494,25,-1,0,0,0,-1,-1
495,25,0,0,0,0,-1,-1
496,25,1,0,0,0,-1,-1
497,25,-1,1,0,0,-1,-1
498,25,0,1,0,0,-1,-1
499,25,1,1,0,0,-1,-1
500,25,-1,-1,1,0,-1,-1
501,25,0,-1,1,0,-1,-1
502,25,1,-1,1,0,-1,-1
503,25,-1,0,1,0,-1,-1
504,25,0,0,1,0,-1,-1
505,25,1,0,1,0,-1,-1
506,25,-1,1,1,0,-1,-1
507,25,0,1,1,0,-1,-1
508,25,1,1,1,0,-1,-1
509,25,0,-1,-1,1,-1,-1
510,25,-1,0,-1,1,-1,-1
511,25,0,0,-1,1,-1,-1
512,25,1,0,-1,1,-1,-1
513,25,0,1,-1,1,-1,-1
514,25,-1,-1,0,1,-1,-1
515,25,0,-1,0,1,-1,-1
516,25,1,-1,0,1,-1,-1
517,25,-1,0,0,1,-1,-1
518,25,0,0,0,1,-1,-1
519,25,1,0,0,1,-1,-1
520,25,-1,1,0,1,-1,-1
521,25,0,1,0,1,-1,-1
522,25,1,1,0,1,-1,-1
523,25,0,-1,1,1,-1,-1
524,25,-1,0,1,1,-1,-1
525,25,0,0,1,1,-1,-1
526,25,1,0,1,1,-1,-1
527,25,0,1,1,1,-1,-1
528,25,-1,-1,-1,-1,0,-1
529,25,0,-1,-1,-1,0,-1
530,25,1,-1,-1,-1,0,-1
531,25,-1,0,-1,-1,0,-1
532,25,0,0,-1,-1,0,-1
533,25,1,0,-1,-1,0,-1
534,25,-1,1,-1,-1,0,-1
535,25,0,1,-1,-1,0,-1
536,25,1,1,-1,-1,0,-1
537,25,-1,-1,0,-1,0,-1
538,25,0,-1,0,-1,0,-1
539,25,1,-1,0,-1,0,-1
540,25,-1,0,0,-1,0,-1
541,25,0,0,0,-1,0,-1
542,25,1,0,0,-1,0,-1
543,25,-1,1,0,-1,0,-1
544,25,0,1,0,-1,0,-1
545,25,1,1,0,-1,0,-1
546,25,-1,-1,1,-1,0,-1
547,25,0,-1,1,-1,0,-1
548,25,1,-1,1,-1,0,-1
549,25,-1,0,1,-1,0,-1
550,25,0,0,1,-1,0,-1
551,25,1,0,1,-1,0,-1
552,25,-1,1,1,-1,0,-1
553,25,0,1,1,-1,0,-1
554,25,1,1,1,-1,0,-1
555,25,-1,-1,-1,0,0,-1
556,25,0,-1,-1,0,0,-1
557,25,1,-1,-1,0,0,-1
558,25,-1,0,-1,0,0,-1
559,25,0,0,-1,0,0,-1
560,25,1,0,-1,0,0,-1
561,25,-1,1,-1,0,0,-1
562,25,0,1,-1,0,0,-1
563,25,1,1,-1,0,0,-1
564,25,-1,-1,0,0,0,-1
565,25,0,-1,0,0,0,-1
566,25,1,-1,0,0,0,-1
567,25,-1,0,0,0,0,-1
568,25,1,0,0,0,0,-1
569,25,-1,1,0,0,0,-1
570,25,0,1,0,0,0,-1
571,25,1,1,0,0,0,-1
572,25,-1,-1,1,0,0,-1
573,25,0,-1,1,0,0,-1
574,25,1,-1,1,0,0,-1
575,25,-1,0,1,0,0,-1
576,25,0,0,1,0,0,-1
577,25,1,0,1,0,0,-1
578,25,-1,1,1,0,0,-1
579,25,0,1,1,0,0,-1
580,25,1,1,1,0,0,-1
581,25,-1,-1,-1,1,0,-1
582,25,0,-1,-1,1,0,-1
583,25,1,-1,-1,1,0,-1
584,25,-1,0,-1,1,0,-1
585,25,0,0,-1,1,0,-1
586,25,1,0,-1,1,0,-1
587,25,-1,1,-1,1,0,-1
588,25,0,1,-1,1,0,-1
589,25,1,1,-1,1,0,-1
590,25,-1,-1,0,1,0,-1
591,25,0,-1,0,1,0,-1
592,25,1,-1,0,1,0,-1
593,25,-1,0,0,1,0,-1
594,25,0,0,0,1,0,-1
595,25,1,0,0,1,0,-1
596,25,-1,1,0,1,0,-1
597,25,0,1,0,1,0,-1
598,25,1,1,0,1,0,-1
599,25,-1,-1,1,1,0,-1
600,25,0,-1,1,1,0,-1
601,25,1,-1,1,1,0,-1
602,25,-1,0,1,1,0,-1
603,25,0,0,1,1,0,-1
604,25,1,0,1,1,0,-1
605,25,-1,1,1,1,0,-1
606,25,0,1,1,1,0,-1
607,25,1,1,1,1,0,-1
608,25,0,-1,-1,-1,1,-1
609,25,-1,0,-1,-1,1,-1
610,25,0,0,-1,-1,1,-1
611,25,1,0,-1,-1,1,-1
612,25,0,1,-1,-1,1,-1
613,25,-1,-1,0,-1,1,-1
614,25,0,-1,0,-1,1,-1
615,25,1,-1,0,-1,1,-1
616,25,-1,0,0,-1,1,-1
617,25,0,0,0,-1,1,-1
618,25,1,0,0,-1,1,-1
619,25,-1,1,0,-1,1,-1
620,25,0,1,0,-1,1,-1
621,25,1,1,0,-1,1,-1
622,25,0,-1,1,-1,1,-1
623,25,-1,0,1,-1,1,-1
624,25,0,0,1,-1,1,-1
625,25,1,0,1,-1,1,-1
626,25,0,1,1,-1,1,-1
627,25,-1,-1,-1,0,1,-1
628,25,0,-1,-1,0,1,-1
629,25,1,-1,-1,0,1,-1
630,25,-1,0,-1,0,1,-1
631,25,0,0,-1,0,1,-1
632,25,1,0,-1,0,1,-1
633,25,-1,1,-1,0,1,-1
634,25,0,1,-1,0,1,-1
635,25,1,1,-1,0,1,-1
636,25,-1,-1,0,0,1,-1
637,25,0,-1,0,0,1,-1
638,25,1,-1,0,0,1,-1
639,25,-1,0,0,0,1,-1
640,25,0,0,0,0,1,-1
641,25,1,0,0,0,1,-1
642,25,-1,1,0,0,1,-1
643,25,0,1,0,0,1,-1
644,25,1,1,0,0,1,-1
645,25,-1,-1,1,0,1,-1
646,25,0,-1,1,0,1,-1
647,25,1,-1,1,0,1,-1
648,25,-1,0,1,0,1,-1
649,25,0,0,1,0,1,-1
650,25,1,0,1,0,1,-1
651,25,-1,1,1,0,1,-1
652,25,0,1,1,0,1,-1
653,25,1,1,1,0,1,-1
654,25,0,-1,-1,1,1,-1
655,25,-1,0,-1,1,1,-1
656,25,0,0,-1,1,1,-1
657,25,1,0,-1,1,1,-1
658,25,0,1,-1,1,1,-1
659,25,-1,-1,0,1,1,-1
660,25,0,-1,0,1,1,-1
661,25,1,-1,0,1,1,-1
662,25,-1,0,0,1,1,-1
663,25,0,0,0,1,1,-1
664,25,1,0,0,1,1,-1
665,25,-1,1,0,1,1,-1
666,25,0,1,0,1,1,-1
667,25,1,1,0,1,1,-1
668,25,0,-1,1,1,1,-1
669,25,-1,0,1,1,1,-1
670,25,0,0,1,1,1,-1
671,25,1,0,1,1,1,-1
672,25,0,1,1,1,1,-1
673,25,-1,-1,-1,-1,-1,0
674,25,0,-1,-1,-1,-1,0
675,25,1,-1,-1,-1,-1,0
676,25,-1,0,-1,-1,-1,0
677,25,0,0,-1,-1,-1,0
678,25,1,0,-1,-1,-1,0
679,25,-1,1,-1,-1,-1,0
680,25,0,1,-1,-1,-1,0
681,25,1,1,-1,-1,-1,0
682,25,-1,-1,0,-1,-1,0
683,25,0,-1,0,-1,-1,0
684,25,1,-1,0,-1,-1,0
685,25,-1,0,0,-1,-1,0
686,25,0,0,0,-1,-1,0
687,25,1,0,0,-1,-1,0
688,25,-1,1,0,-1,-1,0
689,25,0,1,0,-1,-1,0
690,25,1,1,0,-1,-1,0
691,25,-1,-1,1,-1,-1,0
692,25,0,-1,1,-1,-1,0
693,25,1,-1,1,-1,-1,0
694,25,-1,0,1,-1,-1,0
695,25,0,0,1,-1,-1,0
696,25,1,0,1,-1,-1,0
697,25,-1,1,1,-1,-1,0
698,25,0,1,1,-1,-1,0
699,25,1,1,1,-1,-1,0
700,25,-1,-1,-1,0,-1,0
701,25,0,-1,-1,0,-1,0
702,25,1,-1,-1,0,-1,0
703,25,-1,0,-1,0,-1,0
704,25,0,0,-1,0,-1,0
705,25,1,0,-1,0,-1,0
706,25,-1,1,-1,0,-1,0
707,25,0,1,-1,0,-1,0
708,25,1,1,-1,0,-1,0
709,25,-1,-1,0,0,-1,0
710,25,0,-1,0,0,-1,0
711,25,1,-1,0,0,-1,0
712,25,-1,0,0,0,-1,0
713,25,1,0,0,0,-1,0
714,25,-1,1,0,0,-1,0
715,25,0,1,0,0,-1,0
716,25,1,1,0,0,-1,0
717,25,-1,-1,1,0,-1,0
718,25,0,-1,1,0,-1,0
719,25,1,-1,1,0,-1,0
720,25,-1,0,1,0,-1,0
721,25,0,0,1,0,-1,0
722,25,1,0,1,0,-1,0
723,25,-1,1,1,0,-1,0
724,25,0,1,1,0,-1,0
725,25,1,1,1,0,-1,0
726,25,-1,-1,-1,1,-1,0
727,25,0,-1,-1,1,-1,0
728,25,1,-1,-1,1,-1,0
729,25,-1,0,-1,1,-1,0
730,25,0,0,-1,1,-1,0
731,25,1,0,-1,1,-1,0
732,25,-1,1,-1,1,-1,0
733,25,0,1,-1,1,-1,0
734,25,1,1,-1,1,-1,0
735,25,-1,-1,0,1,-1,0
736,25,0,-1,0,1,-1,0
737,25,1,-1,0,1,-1,0
738,25,-1,0,0,1,-1,0
739,25,0,0,0,1,-1,0
740,25,1,0,0,1,-1,0
741,25,-1,1,0,1,-1,0
742,25,0,1,0,1,-1,0
743,25,1,1,0,1,-1,0
744,25,-1,-1,1,1,-1,0
745,25,0,-1,1,1,-1,0
746,25,1,-1,1,1,-1,0
747,25,-1,0,1,1,-1,0
748,25,0,0,1,1,-1,0
749,25,1,0,1,1,-1,0
750,25,-1,1,1,1,-1,0
751,25,0,1,1,1,-1,0
752,25,1,1,1,1,-1,0
753,25,-1,-1,-1,-1,0,0
754,25,0,-1,-1,-1,0,0
755,25,1,-1,-1,-1,0,0
756,25,-1,0,-1,-1,0,0
757,25,0,0,-1,-1,0,0
758,25,1,0,-1,-1,0,0
759,25,-1,1,-1,-1,0,0
760,25,0,1,-1,-1,0,0
761,25,1,1,-1,-1,0,0
762,25,-1,-1,0,-1,0,0
763,25,0,-1,0,-1,0,0
764,25,1,-1,0,-1,0,0
765,25,-1,0,0,-1,0,0
766,25,1,0,0,-1,0,0
767,25,-1,1,0,-1,0,0
768,25,0,1,0,-1,0,0
769,25,1,1,0,-1,0,0
770,25,-1,-1,1,-1,0,0
771,25,0,-1,1,-1,0,0
772,25,1,-1,1,-1,0,0
773,25,-1,0,1,-1,0,0
774,25,0,0,1,-1,0,0
775,25,1,0,1,-1,0,0
776,25,-1,1,1,-1,0,0
777,25,0,1,1,-1,0,0
778,25,1,1,1,-1,0,0
779,25,-1,-1,-1,0,0,0
780,25,0,-1,-1,0,0,0
781,25,1,-1,-1,0,0,0
782,25,-1,0,-1,0,0,0
783,25,1,0,-1,0,0,0
784,25,-1,1,-1,0,0,0
785,25,0,1,-1,0,0,0
786,25,1,1,-1,0,0,0
787,25,-1,-1,0,0,0,0
788,25,1,-1,0,0,0,0
789,25,-1,1,0,0,0,0
790,25,1,1,0,0,0,0
791,25,-1,-1,1,0,0,0
792,25,0,-1,1,0,0,0
793,25,1,-1,1,0,0,0
794,25,-1,0,1,0,0,0
795,25,1,0,1,0,0,0
796,25,-1,1,1,0,0,0
797,25,0,1,1,0,0,0
798,25,1,1,1,0,0,0
799,25,-1,-1,-1,1,0,0
800,25,0,-1,-1,1,0,0
801,25,1,-1,-1,1,0,0
802,25,-1,0,-1,1,0,0
803,25,0,0,-1,1,0,0
804,25,1,0,-1,1,0,0
805,25,-1,1,-1,1,0,0
806,25,0,1,-1,1,0,0
807,25,1,1,-1,1,0,0
808,25,-1,-1,0,1,0,0
809,25,0,-1,0,1,0,0
810,25,1,-1,0,1,0,0
811,25,-1,0,0,1,0,0
812,25,1,0,0,1,0,0
813,25,-1,1,0,1,0,0
814,25,0,1,0,1,0,0
815,25,1,1,0,1,0,0
816,25,-1,-1,1,1,0,0
817,25,0,-1,1,1,0,0
818,25,1,-1,1,1,0,0
819,25,-1,0,1,1,0,0
820,25,0,0,1,1,0,0
821,25,1,0,1,1,0,0
822,25,-1,1,1,1,0,0
823,25,0,1,1,1,0,0
824,25,1,1,1,1,0,0
825,25,-1,-1,-1,-1,1,0
826,25,0,-1,-1,-1,1,0
827,25,1,-1,-1,-1,1,0
828,25,-1,0,-1,-1,1,0
829,25,0,0,-1,-1,1,0
830,25,1,0,-1,-1,1,0
831,25,-1,1,-1,-1,1,0
832,25,0,1,-1,-1,1,0
833,25,1,1,-1,-1,1,0
834,25,-1,-1,0,-1,1,0
835,25,0,-1,0,-1,1,0
836,25,1,-1,0,-1,1,0
837,25,-1,0,0,-1,1,0
838,25,0,0,0,-1,1,0
839,25,1,0,0,-1,1,0
840,25,-1,1,0,-1,1,0
841,25,0,1,0,-1,1,0
842,25,1,1,0,-1,1,0
843,25,-1,-1,1,-1,1,0
844,25,0,-1,1,-1,1,0
845,25,1,-1,1,-1,1,0
846,25,-1,0,1,-1,1,0
847,25,0,0,1,-1,1,0
848,25,1,0,1,-1,1,0
849,25,-1,1,1,-1,1,0
850,25,0,1,1,-1,1,0
851,25,1,1,1,-1,1,0
852,25,-1,-1,-1,0,1,0
853,25,0,-1,-1,0,1,0
854,25,1,-1,-1,0,1,0
855,25,-1,0,-1,0,1,0
856,25,0,0,-1,0,1,0
857,25,1,0,-1,0,1,0
858,25,-1,1,-1,0,1,0
859,25,0,1,-1,0,1,0
860,25,1,1,-1,0,1,0
861,25,-1,-1,0,0,1,0
862,25,0,-1,0,0,1,0
863,25,1,-1,0,0,1,0
864,25,-1,0,0,0,1,0
865,25,1,0,0,0,1,0
866,25,-1,1,0,0,1,0
867,25,0,1,0,0,1,0
868,25,1,1,0,0,1,0
869,25,-1,-1,1,0,1,0
870,25,0,-1,1,0,1,0
871,25,1,-1,1,0,1,0
872,25,-1,0,1,0,1,0
873,25,0,0,1,0,1,0
874,25,1,0,1,0,1,0
875,25,-1,1,1,0,1,0
876,25,0,1,1,0,1,0
877,25,1,1,1,0,1,0
878,25,-1,-1,-1,1,1,0
879,25,0,-1,-1,1,1,0
880,25,1,-1,-1,1,1,0
881,25,-1,0,-1,1,1,0
882,25,0,0,-1,1,1,0
883,25,1,0,-1,1,1,0
884,25,-1,1,-1,1,1,0
885,25,0,1,-1,1,1,0
886,25,1,1,-1,1,1,0
887,25,-1,-1,0,1,1,0
888,25,0,-1,0,1,1,0
889,25,1,-1,0,1,1,0
890,25,-1,0,0,1,1,0
891,25,0,0,0,1,1,0
892,25,1,0,0,1,1,0
893,25,-1,1,0,1,1,0
894,25,0,1,0,1,1,0
895,25,1,1,0,1,1,0
896,25,-1,-1,1,1,1,0
897,25,0,-1,1,1,1,0
898,25,1,-1,1,1,1,0
899,25,-1,0,1,1,1,0
900,25,0,0,1,1,1,0
901,25,1,0,1,1,1,0
902,25,-1,1,1,1,1,0
903,25,0,1,1,1,1,0
904,25,1,1,1,1,1,0
905,25,0,-1,-1,-1,-1,1
906,25,-1,0,-1,-1,-1,1
907,25,0,0,-1,-1,-1,1
908,25,1,0,-1,-1,-1,1
909,25,0,1,-1,-1,-1,1
910,25,-1,-1,0,-1,-1,1
911,25,0,-1,0,-1,-1,1
912,25,1,-1,0,-1,-1,1
913,25,-1,0,0,-1,-1,1
914,25,0,0,0,-1,-1,1
915,25,1,0,0,-1,-1,1
916,25,-1,1,0,-1,-1,1
917,25,0,1,0,-1,-1,1
918,25,1,1,0,-1,-1,1
919,25,0,-1,1,-1,-1,1
920,25,-1,0,1,-1,-1,1
921,25,0,0,1,-1,-1,1
922,25,1,0,1,-1,-1,1
923,25,0,1,1,-1,-1,1
924,25,-1,-1,-1,0,-1,1
925,25,0,-1,-1,0,-1,1
926,25,1,-1,-1,0,-1,1
927,25,-1,0,-1,0,-1,1
928,25,0,0,-1,0,-1,1
929,25,1,0,-1,0,-1,1
930,25,-1,1,-1,0,-1,1
931,25,0,1,-1,0,-1,1
932,25,1,1,-1,0,-1,1
933,25,-1,-1,0,0,-1,1
934,25,0,-1,0,0,-1,1
935,25,1,-1,0,0,-1,1
936,25,-1,0,0,0,-1,1
937,25,0,0,0,0,-1,1
938,25,1,0,0,0,-1,1
939,25,-1,1,0,0,-1,1
940,25,0,1,0,0,-1,1
941,25,1,1,0,0,-1,1
942,25,-1,-1,1,0,-1,1
943,25,0,-1,1,0,-1,1
944,25,1,-1,1,0,-1,1
945,25,-1,0,1,0,-1,1
946,25,0,0,1,0,-1,1
947,25,1,0,1,0,-1,1
948,25,-1,1,1,0,-1,1
949,25,0,1,1,0,-1,1
950,25,1,1,1,0,-1,1
951,25,0,-1,-1,1,-1,1
952,25,-1,0,-1,1,-1,1
953,25,0,0,-1,1,-1,1
954,25,1,0,-1,1,-1,1
955,25,0,1,-1,1,-1,1
956,25,-1,-1,0,1,-1,1
957,25,0,-1,0,1,-1,1
958,25,1,-1,0,1,-1,1
959,25,-1,0,0,1,-1,1
960,25,0,0,0,1,-1,1
961,25,1,0,0,1,-1,1
962,25,-1,1,0,1,-1,1
963,25,0,1,0,1,-1,1
964,25,1,1,0,1,-1,1
965,25,0,-1,1,1,-1,1
966,25,-1,0,1,1,-1,1
967,25,0,0,1,1,-1,1
968,25,1,0,1,1,-1,1
969,25,0,1,1,1,-1,1
970,25,-1,-1,-1,-1,0,1
971,25,0,-1,-1,-1,0,1
972,25,1,-1,-1,-1,0,1
973,25,-1,0,-1,-1,0,1
974,25,0,0,-1,-1,0,1
975,25,1,0,-1,-1,0,1
976,25,-1,1,-1,-1,0,1
977,25,0,1,-1,-1,0,1
978,25,1,1,-1,-1,0,1
979,25,-1,-1,0,-1,0,1
980,25,0,-1,0,-1,0,1
981,25,1,-1,0,-1,0,1
982,25,-1,0,0,-1,0,1
983,25,0,0,0,-1,0,1
984,25,1,0,0,-1,0,1
985,25,-1,1,0,-1,0,1
986,25,0,1,0,-1,0,1
987,25,1,1,0,-1,0,1
988,25,-1,-1,1,-1,0,1
989,25,0,-1,1,-1,0,1
990,25,1,-1,1,-1,0,1
991,25,-1,0,1,-1,0,1
992,25,0,0,1,-1,0,1
993,25,1,0,1,-1,0,1
994,25,-1,1,1,-1,0,1
995,25,0,1,1,-1,0,1
996,25,1,1,1,-1,0,1
997,25,-1,-1,-1,0,0,1
998,25,0,-1,-1,0,0,1
999,25,1,-1,-1,0,0,1
1000,25,-1,0,-1,0,0,1
1001,25,0,0,-1,0,0,1
1002,25,1,0,-1,0,0,1
1003,25,-1,1,-1,0,0,1
1004,25,0,1,-1,0,0,1
1005,25,1,1,-1,0,0,1
1006,25,-1,-1,0,0,0,1
1007,25,0,-1,0,0,0,1
1008,25,1,-1,0,0,0,1
1009,25,-1,0,0,0,0,1
1010,25,1,0,0,0,0,1
1011,25,-1,1,0,0,0,1
1012,25,0,1,0,0,0,1
1013,25,1,1,0,0,0,1
1014,25,-1,-1,1,0,0,1
1015,25,0,-1,1,0,0,1
1016,25,1,-1,1,0,0,1
1017,25,-1,0,1,0,0,1
1018,25,0,0,1,0,0,1
1019,25,1,0,1,0,0,1
1020,25,-1,1,1,0,0,1
1021,25,0,1,1,0,0,1
1022,25,1,1,1,0,0,1
1023,25,-1,-1,-1,1,0,1
1024,25,0,-1,-1,1,0,1
1025,25,1,-1,-1,1,0,1
1026,25,-1,0,-1,1,0,1
1027,25,0,0,-1,1,0,1
1028,25,1,0,-1,1,0,1
1029,25,-1,1,-1,1,0,1
1030,25,0,1,-1,1,0,1
1031,25,1,1,-1,1,0,1
1032,25,-1,-1,0,1,0,1
1033,25,0,-1,0,1,0,1
1034,25,1,-1,0,1,0,1
1035,25,-1,0,0,1,0,1
1036,25,0,0,0,1,0,1
1037,25,1,0,0,1,0,1
1038,25,-1,1,0,1,0,1
1039,25,0,1,0,1,0,1
1040,25,1,1,0,1,0,1
1041,25,-1,-1,1,1,0,1
1042,25,0,-1,1,1,0,1
1043,25,1,-1,1,1,0,1
1044,25,-1,0,1,1,0,1
1045,25,0,0,1,1,0,1
1046,25,1,0,1,1,0,1
1047,25,-1,1,1,1,0,1
1048,25,0,1,1,1,0,1
1049,25,1,1,1,1,0,1
1050,25,0,-1,-1,-1,1,1
1051,25,-1,0,-1,-1,1,1
1052,25,0,0,-1,-1,1,1
1053,25,1,0,-1,-1,1,1
1054,25,0,1,-1,-1,1,1
1055,25,-1,-1,0,-1,1,1
1056,25,0,-1,0,-1,1,1
1057,25,1,-1,0,-1,1,1
1058,25,-1,0,0,-1,1,1
1059,25,0,0,0,-1,1,1
1060,25,1,0,0,-1,1,1
1061,25,-1,1,0,-1,1,1
1062,25,0,1,0,-1,1,1
1063,25,1,1,0,-1,1,1
1064,25,0,-1,1,-1,1,1
1065,25,-1,0,1,-1,1,1
1066,25,0,0,1,-1,1,1
1067,25,1,0,1,-1,1,1
1068,25,0,1,1,-1,1,1
1069,25,-1,-1,-1,0,1,1
1070,25,0,-1,-1,0,1,1
1071,25,1,-1,-1,0,1,1
1072,25,-1,0,-1,0,1,1
1073,25,0,0,-1,0,1,1
1074,25,1,0,-1,0,1,1
1075,25,-1,1,-1,0,1,1
1076,25,0,1,-1,0,1,1
1077,25,1,1,-1,0,1,1
1078,25,-1,-1,0,0,1,1
1079,25,0,-1,0,0,1,1
1080,25,1,-1,0,0,1,1
1081,25,-1,0,0,0,1,1
1082,25,0,0,0,0,1,1
1083,25,1,0,0,0,1,1
1084,25,-1,1,0,0,1,1
1085,25,0,1,0,0,1,1
1086,25,1,1,0,0,1,1
1087,25,-1,-1,1,0,1,1
1088,25,0,-1,1,0,1,1
1089,25,1,-1,1,0,1,1
1090,25,-1,0,1,0,1,1
1091,25,0,0,1,0,1,1
1092,25,1,0,1,0,1,1
1093,25,-1,1,1,0,1,1
1094,25,0,1,1,0,1,1
1095,25,1,1,1,0,1,1
1096,25,0,-1,-1,1,1,1
1097,25,-1,0,-1,1,1,1
1098,25,0,0,-1,1,1,1
1099,25,1,0,-1,1,1,1
1100,25,0,1,-1,1,1,1
1101,25,-1,-1,0,1,1,1
1102,25,0,-1,0,1,1,1
1103,25,1,-1,0,1,1,1
1104,25,-1,0,0,1,1,1
1105,25,0,0,0,1,1,1
1106,25,1,0,0,1,1,1
1107,25,-1,1,0,1,1,1
1108,25,0,1,0,1,1,1
1109,25,1,1,0,1,1,1
1110,25,0,-1,1,1,1,1
1111,25,-1,0,1,1,1,1
1112,25,0,0,1,1,1,1
1113,25,1,0,1,1,1,1
1114,25,0,1,1,1,1,1
1115,35,0,-1,-1,-1,-1,-1
1116,35,-1,0,-1,-1,-1,-1
1117,35,0,0,-1,-1,-1,-1
1118,35,1,0,-1,-1,-1,-1
1119,35,0,1,-1,-1,-1,-1
1120,35,-1,-1,0,-1,-1,-1
1121,35,0,-1,0,-1,-1,-1
1122,35,1,-1,0,-1,-1,-1
1123,35,-1,0,0,-1,-1,-1
1124,35,0,0,0,-1,-1,-1
1125,35,1,0,0,-1,-1,-1
1126,35,-1,1,0,-1,-1,-1
1127,35,0,1,0,-1,-1,-1
1128,35,1,1,0,-1,-1,-1
1129,35,0,-1,1,-1,-1,-1
1130,35,-1,0,1,-1,-1,-1
1131,35,0,0,1,-1,-1,-1
1132,35,1,0,1,-1,-1,-1
1133,35,0,1,1,-1,-1,-1
1134,35,-1,-1,-1,0,-1,-1
1135,35,0,-1,-1,0,-1,-1
1136,35,1,-1,-1,0,-1,-1
1137,35,-1,0,-1,0,-1,-1
1138,35,0,0,-1,0,-1,-1
1139,35,1,0,-1,0,-1,-1
1140,35,-1,1,-1,0,-1,-1
1141,35,0,1,-1,0,-1,-1
1142,35,1,1,-1,0,-1,-1
1143,35,-1,-1,0,0,-1,-1
1144,35,0,-1,0,0,-1,-1
1145,35,1,-1,0,0,-1,-1
1146,35,-1,0,0,0,-1,-1
1147,35,0,0,0,0,-1,-1
1148,35,1,0,0,0,-1,-1
1149,35,-1,1,0,0,-1,-1
1150,35,0,1,0,0,-1,-1
1151,35,1,1,0,0,-1,-1
1152,35,-1,-1,1,0,-1,-1
1153,35,0,-1,1,0,-1,-1
1154,35,1,-1,1,0,-1,-1
1155,35,-1,0,1,0,-1,-1
1156,35,0,0,1,0,-1,-1
1157,35,1,0,1,0,-1,-1
1158,35,-1,1,1,0,-1,-1
1159,35,0,1,1,0,-1,-1
1160,35,1,1,1,0,-1,-1
1161,35,0,-1,-1,1,-1,-1
1162,35,-1,0,-1,1,-1,-1
1163,35,0,0,-1,1,-1,-1
1164,35,1,0,-1,1,-1,-1
1165,35,0,1,-1,1,-1,-1
1166,35,-1,-1,0,1,-1,-1
1167,35,0,-1,0,1,-1,-1
1168,35,1,-1,0,1,-1,-1
1169,35,-1,0,0,1,-1,-1
1170,35,0,0,0,1,-1,-1
1171,35,1,0,0,1,-1,-1
1172,35,-1,1,0,1,-1,-1
1173,35,0,1,0,1,-1,-1
1174,35,1,1,0,1,-1,-1
1175,35,0,-1,1,1,-1,-1
1176,35,-1,0,1,1,-1,-1
1177,35,0,0,1,1,-1,-1
1178,35,1,0,1,1,-1,-1
1179,35,0,1,1,1,-1,-1
1180,35,-1,-1,-1,-1,0,-1
1181,35,0,-1,-1,-1,0,-1
1182,35,1,-1,-1,-1,0,-1
1183,35,-1,0,-1,-1,0,-1
1184,35,0,0,-1,-1,0,-1
1185,35,1,0,-1,-1,0,-1
1186,35,-1,1,-1,-1,0,-1
1187,35,0,1,-1,-1,0,-1
1188,35,1,1,-1,-1,0,-1
1189,35,-1,-1,0,-1,0,-1
1190,35,0,-1,0,-1,0,-1
1191,35,1,-1,0,-1,0,-1
1192,35,-1,0,0,-1,0,-1
1193,35,0,0,0,-1,0,-1
1194,35,1,0,0,-1,0,-1
1195,35,-1,1,0,-1,0,-1
1196,35,0,1,0,-1,0,-1
1197,35,1,1,0,-1,0,-1
1198,35,-1,-1,1,-1,0,-1
1199,35,0,-1,1,-1,0,-1
1200,35,1,-1,1,-1,0,-1
1201,35,-1,0,1,-1,0,-1
1202,35,0,0,1,-1,0,-1
1203,35,1,0,1,-1,0,-1
1204,35,-1,1,1,-1,0,-1
1205,35,0,1,1,-1,0,-1
1206,35,1,1,1,-1,0,-1
1207,35,-1,-1,-1,0,0,-1
1208,35,0,-1,-1,0,0,-1
1209,35,1,-1,-1,0,0,-1
1210,35,-1,0,-1,0,0,-1
1211,35,0,0,-1,0,0,-1
1212,35,1,0,-1,0,0,-1
1213,35,-1,1,-1,0,0,-1
1214,35,0,1,-1,0,0,-1
1215,35,1,1,-1,0,0,-1
1216,35,-1,-1,0,0,0,-1
1217,35,0,-1,0,0,0,-1
1218,35,1,-1,0,0,0,-1
1219,35,-1,0,0,0,0,-1
1220,35,1,0,0,0,0,-1
1221,35,-1,1,0,0,0,-1
1222,35,0,1,0,0,0,-1
1223,35,1,1,0,0,0,-1
1224,35,-1,-1,1,0,0,-1
1225,35,0,-1,1,0,0,-1
1226,35,1,-1,1,0,0,-1
1227,35,-1,0,1,0,0,-1
1228,35,0,0,1,0,0,-1
1229,35,1,0,1,0,0,-1
1230,35,-1,1,1,0,0,-1
1231,35,0,1,1,0,0,-1
1232,35,1,1,1,0,0,-1
1233,35,-1,-1,-1,1,0,-1
1234,35,0,-1,-1,1,0,-1
1235,35,1,-1,-1,1,0,-1
1236,35,-1,0,-1,1,0,-1
1237,35,0,0,-1,1,0,-1
1238,35,1,0,-1,1,0,-1
1239,35,-1,1,-1,1,0,-1
1240,35,0,1,-1,1,0,-1
1241,35,1,1,-1,1,0,-1
1242,35,-1,-1,0,1,0,-1
1243,35,0,-1,0,1,0,-1
1244,35,1,-1,0,1,0,-1
1245,35,-1,0,0,1,0,-1
1246,35,0,0,0,1,0,-1
1247,35,1,0,0,1,0,-1
1248,35,-1,1,0,1,0,-1
1249,35,0,1,0,1,0,-1
1250,35,1,1,0,1,0,-1
1251,35,-1,-1,1,1,0,-1
1252,35,0,-1,1,1,0,-1
1253,35,1,-1,1,1,0,-1
1254,35,-1,0,1,1,0,-1
1255,35,0,0,1,1,0,-1
1256,35,1,0,1,1,0,-1
1257,35,-1,1,1,1,0,-1
1258,35,0,1,1,1,0,-1
1259,35,1,1,1,1,0,-1
1260,35,0,-1,-1,-1,1,-1
1261,35,-1,0,-1,-1,1,-1
1262,35,0,0,-1,-1,1,-1
1263,35,1,0,-1,-1,1,-1
1264,35,0,1,-1,-1,1,-1
1265,35,-1,-1,0,-1,1,-1
1266,35,0,-1,0,-1,1,-1
1267,35,1,-1,0,-1,1,-1
1268,35,-1,0,0,-1,1,-1
1269,35,0,0,0,-1,1,-1
1270,35,1,0,0,-1,1,-1
1271,35,-1,1,0,-1,1,-1
1272,35,0,1,0,-1,1,-1
1273,35,1,1,0,-1,1,-1
1274,35,0,-1,1,-1,1,-1
1275,35,-1,0,1,-1,1,-1
1276,35,0,0,1,-1,1,-1
1277,35,1,0,1,-1,1,-1
1278,35,0,1,1,-1,1,-1
1279,35,-1,-1,-1,0,1,-1
1280,35,0,-1,-1,0,1,-1
1281,35,1,-1,-1,0,1,-1
1282,35,-1,0,-1,0,1,-1
1283,35,0,0,-1,0,1,-1
1284,35,1,0,-1,0,1,-1
1285,35,-1,1,-1,0,1,-1
1286,35,0,1,-1,0,1,-1
1287,35,1,1,-1,0,1,-1
1288,35,-1,-1,0,0,1,-1
1289,35,0,-1,0,0,1,-1
1290,35,1,-1,0,0,1,-1
1291,35,-1,0,0,0,1,-1
1292,35,0,0,0,0,1,-1
1293,35,1,0,0,0,1,-1
1294,35,-1,1,0,0,1,-1
1295,35,0,1,0,0,1,-1
1296,35,1,1,0,0,1,-1
1297,35,-1,-1,1,0,1,-1
1298,35,0,-1,1,0,1,-1
1299,35,1,-1,1,0,1,-1
1300,35,-1,0,1,0,1,-1
1301,35,0,0,1,0,1,-1
1302,35,1,0,1,0,1,-1
1303,35,-1,1,1,0,1,-1
1304,35,0,1,1,0,1,-1
1305,35,1,1,1,0,1,-1
1306,35,0,-1,-1,1,1,-1
1307,35,-1,0,-1,1,1,-1
1308,35,0,0,-1,1,1,-1
1309,35,1,0,-1,1,1,-1
1310,35,0,1,-1,1,1,-1
1311,35,-1,-1,0,1,1,-1
1312,35,0,-1,0,1,1,-1
1313,35,1,-1,0,1,1,-1
1314,35,-1,0,0,1,1,-1
1315,35,0,0,0,1,1,-1
1316,35,1,0,0,1,1,-1
1317,35,-1,1,0,1,1,-1
1318,35,0,1,0,1,1,-1
1319,35,1,1,0,1,1,-1
1320,35,0,-1,1,1,1,-1
1321,35,-1,0,1,1,1,-1
1322,35,0,0,1,1,1,-1
1323,35,1,0,1,1,1,-1
1324,35,0,1,1,1,1,-1
1325,35,-1,-1,-1,-1,-1,0
1326,35,0,-1,-1,-1,-1,0
1327,35,1,-1,-1,-1,-1,0
1328,35,-1,0,-1,-1,-1,0
1329,35,0,0,-1,-1,-1,0
1330,35,1,0,-1,-1,-1,0
1331,35,-1,1,-1,-1,-1,0
1332,35,0,1,-1,-1,-1,0
1333,35,1,1,-1,-1,-1,0
1334,35,-1,-1,0,-1,-1,0
1335,35,0,-1,0,-1,-1,0
1336,35,1,-1,0,-1,-1,0
1337,35,-1,0,0,-1,-1,0
1338,35,0,0,0,-1,-1,0
1339,35,1,0,0,-1,-1,0
1340,35,-1,1,0,-1,-1,0
1341,35,0,1,0,-1,-1,0
1342,35,1,1,0,-1,-1,0
1343,35,-1,-1,1,-1,-1,0
1344,35,0,-1,1,-1,-1,0
1345,35,1,-1,1,-1,-1,0
1346,35,-1,0,1,-1,-1,0
1347,35,0,0,1,-1,-1,0
1348,35,1,0,1,-1,-1,0
1349,35,-1,1,1,-1,-1,0
1350,35,0,1,1,-1,-1,0
1351,35,1,1,1,-1,-1,0
1352,35,-1,-1,-1,0,-1,0
1353,35,0,-1,-1,0,-1,0
1354,35,1,-1,-1,0,-1,0
1355,35,-1,0,-1,0,-1,0
1356,35,0,0,-1,0,-1,0
1357,35,1,0,-1,0,-1,0
1358,35,-1,1,-1,0,-1,0
1359,35,0,1,-1,0,-1,0
1360,35,1,1,-1,0,-1,0
1361,35,-1,-1,0,0,-1,0
1362,35,0,-1,0,0,-1,0
1363,35,1,-1,0,0,-1,0
1364,35,-1,0,0,0,-1,0
1365,35,1,0,0,0,-1,0
1366,35,-1,1,0,0,-1,0
1367,35,0,1,0,0,-1,0
1368,35,1,1,0,0,-1,0
1369,35,-1,-1,1,0,-1,0
1370,35,0,-1,1,0,-1,0
1371,35,1,-1,1,0,-1,0
1372,35,-1,0,1,0,-1,0
1373,35,0,0,1,0,-1,0
1374,35,1,0,1,0,-1,0
1375,35,-1,1,1,0,-1,0
1376,35,0,1,1,0,-1,0
1377,35,1,1,1,0,-1,0
1378,35,-1,-1,-1,1,-1,0
1379,35,0,-1,-1,1,-1,0
1380,35,1,-1,-1,1,-1,0
1381,35,-1,0,-1,1,-1,0
1382,35,0,0,-1,1,-1,0
1383,35,1,0,-1,1,-1,0
1384,35,-1,1,-1,1,-1,0
1385,35,0,1,-1,1,-1,0
1386,35,1,1,-1,1,-1,0
1387,35,-1,-1,0,1,-1,0
1388,35,0,-1,0,1,-1,0
1389,35,1,-1,0,1,-1,0
1390,35,-1,0,0,1,-1,0
1391,35,0,0,0,1,-1,0
1392,35,1,0,0,1,-1,0
1393,35,-1,1,0,1,-1,0
1394,35,0,1,0,1,-1,0
1395,35,1,1,0,1,-1,0
1396,35,-1,-1,1,1,-1,0
1397,35,0,-1,1,1,-1,0
1398,35,1,-1,1,1,-1,0
1399,35,-1,0,1,1,-1,0
1400,35,0,0,1,1,-1,0
1401,35,1,0,1,1,-1,0
1402,35,-1,1,1,1,-1,0
1403,35,0,1,1,1,-1,0
1404,35,1,1,1,1,-1,0
1405,35,-1,-1,-1,-1,0,0
1406,35,0,-1,-1,-1,0,0
1407,35,1,-1,-1,-1,0,0
1408,35,-1,0,-1,-1,0,0
1409,35,0,0,-1,-1,0,0
1410,35,1,0,-1,-1,0,0
1411,35,-1,1,-1,-1,0,0
1412,35,0,1,-1,-1,0,0
1413,35,1,1,-1,-1,0,0
1414,35,-1,-1,0,-1,0,0
1415,35,0,-1,0,-1,0,0
1416,35,1,-1,0,-1,0,0
1417,35,-1,0,0,-1,0,0
1418,35,1,0,0,-1,0,0
1419,35,-1,1,0,-1,0,0
1420,35,0,1,0,-1,0,0
1421,35,1,1,0,-1,0,0
1422,35,-1,-1,1,-1,0,0
1423,35,0,-1,1,-1,0,0
1424,35,1,-1,1,-1,0,0
1425,35,-1,0,1,-1,0,0
1426,35,0,0,1,-1,0,0
1427,35,1,0,1,-1,0,0
1428,35,-1,1,1,-1,0,0
1429,35,0,1,1,-1,0,0
1430,35,1,1,1,-1,0,0
1431,35,-1,-1,-1,0,0,0
1432,35,0,-1,-1,0,0,0
1433,35,1,-1,-1,0,0,0
1434,35,-1,0,-1,0,0,0
1435,35,1,0,-1,0,0,0
1436,35,-1,1,-1,0,0,0
1437,35,0,1,-1,0,0,0
1438,35,1,1,-1,0,0,0
1439,35,-1,-1,0,0,0,0
1440,35,1,-1,0,0,0,0
1441,35,-1,1,0,0,0,0
1442,35,1,1,0,0,0,0
1443,35,-1,-1,1,0,0,0
1444,35,0,-1,1,0,0,0
1445,35,1,-1,1,0,0,0
1446,35,-1,0,1,0,0,0
1447,35,1,0,1,0,0,0
1448,35,-1,1,1,0,0,0
1449,35,0,1,1,0,0,0
1450,35,1,1,1,0,0,0
1451,35,-1,-1,-1,1,0,0
1452,35,0,-1,-1,1,0,0
1453,35,1,-1,-1,1,0,0
1454,35,-1,0,-1,1,0,0
1455,35,0,0,-1,1,0,0
1456,35,1,0,-1,1,0,0
1457,35,-1,1,-1,1,0,0
1458,35,0,1,-1,1,0,0
1459,35,1,1,-1,1,0,0
1460,35,-1,-1,0,1,0,0
1461,35,0,-1,0,1,0,0
1462,35,1,-1,0,1,0,0
1463,35,-1,0,0,1,0,0
1464,35,1,0,0,1,0,0
1465,35,-1,1,0,1,0,0
1466,35,0,1,0,1,0,0
1467,35,1,1,0,1,0,0
1468,35,-1,-1,1,1,0,0
1469,35,0,-1,1,1,0,0
1470,35,1,-1,1,1,0,0
1471,35,-1,0,1,1,0,0
1472,35,0,0,1,1,0,0
1473,35,1,0,1,1,0,0
1474,35,-1,1,1,1,0,0
1475,35,0,1,1,1,0,0
1476,35,1,1,1,1,0,0
1477,35,-1,-1,-1,-1,1,0
1478,35,0,-1,-1,-1,1,0
1479,35,1,-1,-1,-1,1,0
1480,35,-1,0,-1,-1,1,0
1481,35,0,0,-1,-1,1,0
1482,35,1,0,-1,-1,1,0
1483,35,-1,1,-1,-1,1,0
1484,35,0,1,-1,-1,1,0
1485,35,1,1,-1,-1,1,0
1486,35,-1,-1,0,-1,1,0
1487,35,0,-1,0,-1,1,0
1488,35,1,-1,0,-1,1,0
1489,35,-1,0,0,-1,1,0
1490,35,0,0,0,-1,1,0
1491,35,1,0,0,-1,1,0
1492,35,-1,1,0,-1,1,0
1493,35,0,1,0,-1,1,0
1494,35,1,1,0,-1,1,0
1495,35,-1,-1,1,-1,1,0
1496,35,0,-1,1,-1,1,0
1497,35,1,-1,1,-1,1,0
1498,35,-1,0,1,-1,1,0
1499,35,0,0,1,-1,1,0
1500,35,1,0,1,-1,1,0
1501,35,-1,1,1,-1,1,0
1502,35,0,1,1,-1,1,0
1503,35,1,1,1,-1,1,0
1504,35,-1,-1,-1,0,1,0
1505,35,0,-1,-1,0,1,0
1506,35,1,-1,-1,0,1,0
1507,35,-1,0,-1,0,1,0
1508,35,0,0,-1,0,1,0
1509,35,1,0,-1,0,1,0
1510,35,-1,1,-1,0,1,0
1511,35,0,1,-1,0,1,0
1512,35,1,1,-1,0,1,0
1513,35,-1,-1,0,0,1,0
1514,35,0,-1,0,0,1,0
1515,35,1,-1,0,0,1,0
1516,35,-1,0,0,0,1,0
1517,35,1,0,0,0,1,0
1518,35,-1,1,0,0,1,0
1519,35,0,1,0,0,1,0
1520,35,1,1,0,0,1,0
1521,35,-1,-1,1,0,1,0
1522,35,0,-1,1,0,1,0
1523,35,1,-1,1,0,1,0
1524,35,-1,0,1,0,1,0
1525,35,0,0,1,0,1,0
1526,35,1,0,1,0,1,0
1527,35,-1,1,1,0,1,0
1528,35,0,1,1,0,1,0
1529,35,1,1,1,0,1,0
1530,35,-1,-1,-1,1,1,0
1531,35,0,-1,-1,1,1,0
1532,35,1,-1,-1,1,1,0
1533,35,-1,0,-1,1,1,0
1534,35,0,0,-1,1,1,0
1535,35,1,0,-1,1,1,0
1536,35,-1,1,-1,1,1,0
1537,35,0,1,-1,1,1,0
1538,35,1,1,-1,1,1,0
1539,35,-1,-1,0,1,1,0
1540,35,0,-1,0,1,1,0
1541,35,1,-1,0,1,1,0
1542,35,-1,0,0,1,1,0
1543,35,0,0,0,1,1,0
1544,35,1,0,0,1,1,0
1545,35,-1,1,0,1,1,0
1546,35,0,1,0,1,1,0
1547,35,1,1,0,1,1,0
1548,35,-1,-1,1,1,1,0
1549,35,0,-1,1,1,1,0
1550,35,1,-1,1,1,1,0
1551,35,-1,0,1,1,1,0
1552,35,0,0,1,1,1,0
1553,35,1,0,1,1,1,0
1554,35,-1,1,1,1,1,0
1555,35,0,1,1,1,1,0
1556,35,1,1,1,1,1,0
1557,35,0,-1,-1,-1,-1,1
1558,35,-1,0,-1,-1,-1,1
1559,35,0,0,-1,-1,-1,1
1560,35,1,0,-1,-1,-1,1
1561,35,0,1,-1,-1,-1,1
1562,35,-1,-1,0,-1,-1,1
1563,35,0,-1,0,-1,-1,1
1564,35,1,-1,0,-1,-1,1
1565,35,-1,0,0,-1,-1,1
1566,35,0,0,0,-1,-1,1
1567,35,1,0,0,-1,-1,1
1568,35,-1,1,0,-1,-1,1
1569,35,0,1,0,-1,-1,1
1570,35,1,1,0,-1,-1,1
1571,35,0,-1,1,-1,-1,1
1572,35,-1,0,1,-1,-1,1
1573,35,0,0,1,-1,-1,1
1574,35,1,0,1,-1,-1,1
1575,35,0,1,1,-1,-1,1
1576,35,-1,-1,-1,0,-1,1
1577,35,0,-1,-1,0,-1,1
1578,35,1,-1,-1,0,-1,1
1579,35,-1,0,-1,0,-1,1
1580,35,0,0,-1,0,-1,1
1581,35,1,0,-1,0,-1,1
1582,35,-1,1,-1,0,-1,1
1583,35,0,1,-1,0,-1,1
1584,35,1,1,-1,0,-1,1
1585,35,-1,-1,0,0,-1,1
1586,35,0,-1,0,0,-1,1
1587,35,1,-1,0,0,-1,1
1588,35,-1,0,0,0,-1,1
1589,35,0,0,0,0,-1,1
1590,35,1,0,0,0,-1,1
1591,35,-1,1,0,0,-1,1
1592,35,0,1,0,0,-1,1
1593,35,1,1,0,0,-1,1
1594,35,-1,-1,1,0,-1,1
1595,35,0,-1,1,0,-1,1
1596,35,1,-1,1,0,-1,1
1597,35,-1,0,1,0,-1,1
1598,35,0,0,1,0,-1,1
1599,35,1,0,1,0,-1,1
1600,35,-1,1,1,0,-1,1
1601,35,0,1,1,0,-1,1
1602,35,1,1,1,0,-1,1
1603,35,0,-1,-1,1,-1,1
1604,35,-1,0,-1,1,-1,1
1605,35,0,0,-1,1,-1,1
1606,35,1,0,-1,1,-1,1
1607,35,0,1,-1,1,-1,1
1608,35,-1,-1,0,1,-1,1
1609,35,0,-1,0,1,-1,1
1610,35,1,-1,0,1,-1,1
1611,35,-1,0,0,1,-1,1
1612,35,0,0,0,1,-1,1
1613,35,1,0,0,1,-1,1
1614,35,-1,1,0,1,-1,1
1615,35,0,1,0,1,-1,1
1616,35,1,1,0,1,-1,1
1617,35,0,-1,1,1,-1,1
1618,35,-1,0,1,1,-1,1
1619,35,0,0,1,1,-1,1
1620,35,1,0,1,1,-1,1
1621,35,0,1,1,1,-1,1
1622,35,-1,-1,-1,-1,0,1
1623,35,0,-1,-1,-1,0,1
1624,35,1,-1,-1,-1,0,1
1625,35,-1,0,-1,-1,0,1
1626,35,0,0,-1,-1,0,1
1627,35,1,0,-1,-1,0,1
1628,35,-1,1,-1,-1,0,1
1629,35,0,1,-1,-1,0,1
1630,35,1,1,-1,-1,0,1
1631,35,-1,-1,0,-1,0,1
1632,35,0,-1,0,-1,0,1
1633,35,1,-1,0,-1,0,1
1634,35,-1,0,0,-1,0,1
1635,35,0,0,0,-1,0,1
1636,35,1,0,0,-1,0,1
1637,35,-1,1,0,-1,0,1
1638,35,0,1,0,-1,0,1
1639,35,1,1,0,-1,0,1
1640,35,-1,-1,1,-1,0,1
1641,35,0,-1,1,-1,0,1
1642,35,1,-1,1,-1,0,1
1643,35,-1,0,1,-1,0,1
1644,35,0,0,1,-1,0,1
1645,35,1,0,1,-1,0,1
1646,35,-1,1,1,-1,0,1
1647,35,0,1,1,-1,0,1
1648,35,1,1,1,-1,0,1
1649,35,-1,-1,-1,0,0,1
1650,35,0,-1,-1,0,0,1
1651,35,1,-1,-1,0,0,1
1652,35,-1,0,-1,0,0,1
1653,35,0,0,-1,0,0,1
1654,35,1,0,-1,0,0,1
1655,35,-1,1,-1,0,0,1
1656,35,0,1,-1,0,0,1
1657,35,1,1,-1,0,0,1
1658,35,-1,-1,0,0,0,1
1659,35,0,-1,0,0,0,1
1660,35,1,-1,0,0,0,1
1661,35,-1,0,0,0,0,1
1662,35,1,0,0,0,0,1
1663,35,-1,1,0,0,0,1
1664,35,0,1,0,0,0,1
1665,35,1,1,0,0,0,1
1666,35,-1,-1,1,0,0,1
1667,35,0,-1,1,0,0,1
1668,35,1,-1,1,0,0,1
1669,35,-1,0,1,0,0,1
1670,35,0,0,1,0,0,1
1671,35,1,0,1,0,0,1
1672,35,-1,1,1,0,0,1
1673,35,0,1,1,0,0,1
1674,35,1,1,1,0,0,1
1675,35,-1,-1,-1,1,0,1
1676,35,0,-1,-1,1,0,1
1677,35,1,-1,-1,1,0,1
1678,35,-1,0,-1,1,0,1
1679,35,0,0,-1,1,0,1
1680,35,1,0,-1,1,0,1
1681,35,-1,1,-1,1,0,1
1682,35,0,1,-1,1,0,1
1683,35,1,1,-1,1,0,1
1684,35,-1,-1,0,1,0,1
1685,35,0,-1,0,1,0,1
1686,35,1,-1,0,1,0,1
1687,35,-1,0,0,1,0,1
1688,35,0,0,0,1,0,1
1689,35,1,0,0,1,0,1
1690,35,-1,1,0,1,0,1
1691,35,0,1,0,1,0,1
1692,35,1,1,0,1,0,1
1693,35,-1,-1,1,1,0,1
1694,35,0,-1,1,1,0,1
1695,35,1,-1,1,1,0,1
1696,35,-1,0,1,1,0,1
1697,35,0,0,1,1,0,1
1698,35,1,0,1,1,0,1
1699,35,-1,1,1,1,0,1
1700,35,0,1,1,1,0,1
1701,35,1,1,1,1,0,1
1702,35,0,-1,-1,-1,1,1
1703,35,-1,0,-1,-1,1,1
1704,35,0,0,-1,-1,1,1
1705,35,1,0,-1,-1,1,1
1706,35,0,1,-1,-1,1,1
1707,35,-1,-1,0,-1,1,1
1708,35,0,-1,0,-1,1,1
1709,35,1,-1,0,-1,1,1
1710,35,-1,0,0,-1,1,1
1711,35,0,0,0,-1,1,1
1712,35,1,0,0,-1,1,1
1713,35,-1,1,0,-1,1,1
1714,35,0,1,0,-1,1,1
1715,35,1,1,0,-1,1,1
1716,35,0,-1,1,-1,1,1
1717,35,-1,0,1,-1,1,1
1718,35,0,0,1,-1,1,1
1719,35,1,0,1,-1,1,1
1720,35,0,1,1,-1,1,1
1721,35,-1,-1,-1,0,1,1
1722,35,0,-1,-1,0,1,1
1723,35,1,-1,-1,0,1,1
1724,35,-1,0,-1,0,1,1
1725,35,0,0,-1,0,1,1
1726,35,1,0,-1,0,1,1
1727,35,-1,1,-1,0,1,1
1728,35,0,1,-1,0,1,1
1729,35,1,1,-1,0,1,1
1730,35,-1,-1,0,0,1,1
1731,35,0,-1,0,0,1,1
1732,35,1,-1,0,0,1,1
1733,35,-1,0,0,0,1,1
1734,35,0,0,0,0,1,1
1735,35,1,0,0,0,1,1
1736,35,-1,1,0,0,1,1
1737,35,0,1,0,0,1,1
1738,35,1,1,0,0,1,1
1739,35,-1,-1,1,0,1,1
1740,35,0,-1,1,0,1,1
1741,35,1,-1,1,0,1,1
1742,35,-1,0,1,0,1,1
1743,35,0,0,1,0,1,1
1744,35,1,0,1,0,1,1
1745,35,-1,1,1,0,1,1
1746,35,0,1,1,0,1,1
1747,35,1,1,1,0,1,1
1748,35,0,-1,-1,1,1,1
1749,35,-1,0,-1,1,1,1
1750,35,0,0,-1,1,1,1
1751,35,1,0,-1,1,1,1
1752,35,0,1,-1,1,1,1
1753,35,-1,-1,0,1,1,1
1754,35,0,-1,0,1,1,1
1755,35,1,-1,0,1,1,1
1756,35,-1,0,0,1,1,1
1757,35,0,0,0,1,1,1
1758,35,1,0,0,1,1,1
1759,35,-1,1,0,1,1,1
1760,35,0,1,0,1,1,1
1761,35,1,1,0,1,1,1
1762,35,0,-1,1,1,1,1
1763,35,-1,0,1,1,1,1
1764,35,0,0,1,1,1,1
1765,35,1,0,1,1,1,1
1766,35,0,1,1,1,1,1
1767,45,0,-1,-1,-1,-1,-1
1768,45,-1,0,-1,-1,-1,-1
1769,45,0,0,-1,-1,-1,-1
1770,45,1,0,-1,-1,-1,-1
1771,45,0,1,-1,-1,-1,-1
1772,45,-1,-1,0,-1,-1,-1
1773,45,0,-1,0,-1,-1,-1
1774,45,1,-1,0,-1,-1,-1
1775,45,-1,0,0,-1,-1,-1
1776,45,0,0,0,-1,-1,-1
1777,45,1,0,0,-1,-1,-1
1778,45,-1,1,0,-1,-1,-1
1779,45,0,1,0,-1,-1,-1
1780,45,1,1,0,-1,-1,-1
1781,45,0,-1,1,-1,-1,-1
1782,45,-1,0,1,-1,-1,-1
1783,45,0,0,1,-1,-1,-1
1784,45,1,0,1,-1,-1,-1
1785,45,0,1,1,-1,-1,-1
1786,45,-1,-1,-1,0,-1,-1
1787,45,0,-1,-1,0,-1,-1
1788,45,1,-1,-1,0,-1,-1
1789,45,-1,0,-1,0,-1,-1
1790,45,0,0,-1,0,-1,-1
1791,45,1,0,-1,0,-1,-1
1792,45,-1,1,-1,0,-1,-1
1793,45,0,1,-1,0,-1,-1
1794,45,1,1,-1,0,-1,-1
1795,45,-1,-1,0,0,-1,-1
1796,45,0,-1,0,0,-1,-1
1797,45,1,-1,0,0,-1,-1
1798,45,-1,0,0,0,-1,-1
1799,45,0,0,0,0,-1,-1
1800,45,1,0,0,0,-1,-1
1801,45,-1,1,0,0,-1,-1
1802,45,0,1,0,0,-1,-1
1803,45,1,1,0,0,-1,-1
1804,45,-1,-1,1,0,-1,-1
1805,45,0,-1,1,0,-1,-1
1806,45,1,-1,1,0,-1,-1
1807,45,-1,0,1,0,-1,-1
1808,45,0,0,1,0,-1,-1
1809,45,1,0,1,0,-1,-1
1810,45,-1,1,1,0,-1,-1
1811,45,0,1,1,0,-1,-1
1812,45,1,1,1,0,-1,-1
1813,45,0,-1,-1,1,-1,-1
1814,45,-1,0,-1,1,-1,-1
1815,45,0,0,-1,1,-1,-1
1816,45,1,0,-1,1,-1,-1
1817,45,0,1,-1,1,-1,-1
1818,45,-1,-1,0,1,-1,-1
1819,45,0,-1,0,1,-1,-1
1820,45,1,-1,0,1,-1,-1
1821,45,-1,0,0,1,-1,-1
1822,45,0,0,0,1,-1,-1
1823,45,1,0,0,1,-1,-1
1824,45,-1,1,0,1,-1,-1
1825,45,0,1,0,1,-1,-1
1826,45,1,1,0,1,-1,-1
1827,45,0,-1,1,1,-1,-1
1828,45,-1,0,1,1,-1,-1
1829,45,0,0,1,1,-1,-1
1830,45,1,0,1,1,-1,-1
1831,45,0,1,1,1,-1,-1
1832,45,-1,-1,-1,-1,0,-1
1833,45,0,-1,-1,-1,0,-1
1834,45,1,-1,-1,-1,0,-1
1835,45,-1,0,-1,-1,0,-1
1836,45,0,0,-1,-1,0,-1
1837,45,1,0,-1,-1,0,-1
1838,45,-1,1,-1,-1,0,-1
1839,45,0,1,-1,-1,0,-1
1840,45,1,1,-1,-1,0,-1
1841,45,-1,-1,0,-1,0,-1
1842,45,0,-1,0,-1,0,-1
1843,45,1,-1,0,-1,0,-1
1844,45,-1,0,0,-1,0,-1
1845,45,0,0,0,-1,0,-1
1846,45,1,0,0,-1,0,-1
1847,45,-1,1,0,-1,0,-1
1848,45,0,1,0,-1,0,-1
1849,45,1,1,0,-1,0,-1
1850,45,-1,-1,1,-1,0,-1
1851,45,0,-1,1,-1,0,-1
1852,45,1,-1,1,-1,0,-1
1853,45,-1,0,1,-1,0,-1
1854,45,0,0,1,-1,0,-1
1855,45,1,0,1,-1,0,-1
1856,45,-1,1,1,-1,0,-1
1857,45,0,1,1,-1,0,-1
1858,45,1,1,1,-1,0,-1
1859,45,-1,-1,-1,0,0,-1
1860,45,0,-1,-1,0,0,-1
1861,45,1,-1,-1,0,0,-1
1862,45,-1,0,-1,0,0,-1
1863,45,0,0,-1,0,0,-1
1864,45,1,0,-1,0,0,-1
1865,45,-1,1,-1,0,0,-1
1866,45,0,1,-1,0,0,-1
1867,45,1,1,-1,0,0,-1
1868,45,-1,-1,0,0,0,-1
1869,45,0,-1,0,0,0,-1
1870,45,1,-1,0,0,0,-1
1871,45,-1,0,0,0,0,-1
1872,45,1,0,0,0,0,-1
1873,45,-1,1,0,0,0,-1
1874,45,0,1,0,0,0,-1
1875,45,1,1,0,0,0,-1
1876,45,-1,-1,1,0,0,-1
1877,45,0,-1,1,0,0,-1
1878,45,1,-1,1,0,0,-1
1879,45,-1,0,1,0,0,-1
1880,45,0,0,1,0,0,-1
1881,45,1,0,1,0,0,-1
1882,45,-1,1,1,0,0,-1
1883,45,0,1,1,0,0,-1
1884,45,1,1,1,0,0,-1
1885,45,-1,-1,-1,1,0,-1
1886,45,0,-1,-1,1,0,-1
1887,45,1,-1,-1,1,0,-1
1888,45,-1,0,-1,1,0,-1
1889,45,0,0,-1,1,0,-1
1890,45,1,0,-1,1,0,-1
1891,45,-1,1,-1,1,0,-1
1892,45,0,1,-1,1,0,-1
1893,45,1,1,-1,1,0,-1
1894,45,-1,-1,0,1,0,-1
1895,45,0,-1,0,1,0,-1
1896,45,1,-1,0,1,0,-1
1897,45,-1,0,0,1,0,-1
1898,45,0,0,0,1,0,-1
1899,45,1,0,0,1,0,-1
1900,45,-1,1,0,1,0,-1
1901,45,0,1,0,1,0,-1
1902,45,1,1,0,1,0,-1
1903,45,-1,-1,1,1,0,-1
1904,45,0,-1,1,1,0,-1
1905,45,1,-1,1,1,0,-1
1906,45,-1,0,1,1,0,-1
1907,45,0,0,1,1,0,-1
1908,45,1,0,1,1,0,-1
1909,45,-1,1,1,1,0,-1
1910,45,0,1,1,1,0,-1
1911,45,1,1,1,1,0,-1
1912,45,0,-1,-1,-1,1,-1
1913,45,-1,0,-1,-1,1,-1
1914,45,0,0,-1,-1,1,-1
1915,45,1,0,-1,-1,1,-1
1916,45,0,1,-1,-1,1,-1
1917,45,-1,-1,0,-1,1,-1
1918,45,0,-1,0,-1,1,-1
1919,45,1,-1,0,-1,1,-1
1920,45,-1,0,0,-1,1,-1
1921,45,0,0,0,-1,1,-1
1922,45,1,0,0,-1,1,-1
1923,45,-1,1,0,-1,1,-1
1924,45,0,1,0,-1,1,-1
1925,45,1,1,0,-1,1,-1
1926,45,0,-1,1,-1,1,-1
1927,45,-1,0,1,-1,1,-1
1928,45,0,0,1,-1,1,-1
1929,45,1,0,1,-1,1,-1
1930,45,0,1,1,-1,1,-1
1931,45,-1,-1,-1,0,1,-1
1932,45,0,-1,-1,0,1,-1
1933,45,1,-1,-1,0,1,-1
1934,45,-1,0,-1,0,1,-1
1935,45,0,0,-1,0,1,-1
1936,45,1,0,-1,0,1,-1
1937,45,-1,1,-1,0,1,-1
1938,45,0,1,-1,0,1,-1
1939,45,1,1,-1,0,1,-1
1940,45,-1,-1,0,0,1,-1
1941,45,0,-1,0,0,1,-1
1942,45,1,-1,0,0,1,-1
1943,45,-1,0,0,0,1,-1
1944,45,0,0,0,0,1,-1
1945,45,1,0,0,0,1,-1
1946,45,-1,1,0,0,1,-1
1947,45,0,1,0,0,1,-1
1948,45,1,1,0,0,1,-1
1949,45,-1,-1,1,0,1,-1
1950,45,0,-1,1,0,1,-1
1951,45,1,-1,1,0,1,-1
1952,45,-1,0,1,0,1,-1
1953,45,0,0,1,0,1,-1
1954,45,1,0,1,0,1,-1
1955,45,-1,1,1,0,1,-1
1956,45,0,1,1,0,1,-1
1957,45,1,1,1,0,1,-1
1958,45,0,-1,-1,1,1,-1
1959,45,-1,0,-1,1,1,-1
1960,45,0,0,-1,1,1,-1
1961,45,1,0,-1,1,1,-1
1962,45,0,1,-1,1,1,-1
1963,45,-1,-1,0,1,1,-1
1964,45,0,-1,0,1,1,-1
1965,45,1,-1,0,1,1,-1
1966,45,-1,0,0,1,1,-1
1967,45,0,0,0,1,1,-1
1968,45,1,0,0,1,1,-1
1969,45,-1,1,0,1,1,-1
1970,45,0,1,0,1,1,-1
1971,45,1,1,0,1,1,-1
1972,45,0,-1,1,1,1,-1
1973,45,-1,0,1,1,1,-1
1974,45,0,0,1,1,1,-1
1975,45,1,0,1,1,1,-1
1976,45,0,1,1,1,1,-1
1977,45,-1,-1,-1,-1,-1,0
1978,45,0,-1,-1,-1,-1,0
1979,45,1,-1,-1,-1,-1,0
1980,45,-1,0,-1,-1,-1,0
1981,45,0,0,-1,-1,-1,0
1982,45,1,0,-1,-1,-1,0
1983,45,-1,1,-1,-1,-1,0
1984,45,0,1,-1,-1,-1,0
1985,45,1,1,-1,-1,-1,0
1986,45,-1,-1,0,-1,-1,0
1987,45,0,-1,0,-1,-1,0
1988,45,1,-1,0,-1,-1,0
1989,45,-1,0,0,-1,-1,0
1990,45,0,0,0,-1,-1,0
1991,45,1,0,0,-1,-1,0
1992,45,-1,1,0,-1,-1,0
1993,45,0,1,0,-1,-1,0
1994,45,1,1,0,-1,-1,0
1995,45,-1,-1,1,-1,-1,0
1996,45,0,-1,1,-1,-1,0
1997,45,1,-1,1,-1,-1,0
1998,45,-1,0,1,-1,-1,0
1999,45,0,0,1,-1,-1,0
2000,45,1,0,1,-1,-1,0
2001,45,-1,1,1,-1,-1,0
2002,45,0,1,1,-1,-1,0
2003,45,1,1,1,-1,-1,0
2004,45,-1,-1,-1,0,-1,0
2005,45,0,-1,-1,0,-1,0
2006,45,1,-1,-1,0,-1,0
2007,45,-1,0,-1,0,-1,0
2008,45,0,0,-1,0,-1,0
2009,45,1,0,-1,0,-1,0
2010,45,-1,1,-1,0,-1,0
2011,45,0,1,-1,0,-1,0
2012,45,1,1,-1,0,-1,0
2013,45,-1,-1,0,0,-1,0
2014,45,0,-1,0,0,-1,0
2015,45,1,-1,0,0,-1,0
2016,45,-1,0,0,0,-1,0
2017,45,1,0,0,0,-1,0
2018,45,-1,1,0,0,-1,0
2019,45,0,1,0,0,-1,0
2020,45,1,1,0,0,-1,0
2021,45,-1,-1,1,0,-1,0
2022,45,0,-1,1,0,-1,0
2023,45,1,-1,1,0,-1,0
2024,45,-1,0,1,0,-1,0
2025,45,0,0,1,0,-1,0
2026,45,1,0,1,0,-1,0
2027,45,-1,1,1,0,-1,0
2028,45,0,1,1,0,-1,0
2029,45,1,1,1,0,-1,0
2030,45,-1,-1,-1,1,-1,0
2031,45,0,-1,-1,1,-1,0
2032,45,1,-1,-1,1,-1,0
2033,45,-1,0,-1,1,-1,0
2034,45,0,0,-1,1,-1,0
2035,45,1,0,-1,1,-1,0
2036,45,-1,1,-1,1,-1,0
2037,45,0,1,-1,1,-1,0
2038,45,1,1,-1,1,-1,0
2039,45,-1,-1,0,1,-1,0
2040,45,0,-1,0,1,-1,0
2041,45,1,-1,0,1,-1,0
2042,45,-1,0,0,1,-1,0
2043,45,0,0,0,1,-1,0
2044,45,1,0,0,1,-1,0
2045,45,-1,1,0,1,-1,0
2046,45,0,1,0,1,-1,0
2047,45,1,1,0,1,-1,0
2048,45,-1,-1,1,1,-1,0
2049,45,0,-1,1,1,-1,0
2050,45,1,-1,1,1,-1,0
2051,45,-1,0,1,1,-1,0
2052,45,0,0,1,1,-1,0
2053,45,1,0,1,1,-1,0
2054,45,-1,1,1,1,-1,0
2055,45,0,1,1,1,-1,0
2056,45,1,1,1,1,-1,0
2057,45,-1,-1,-1,-1,0,0
2058,45,0,-1,-1,-1,0,0
2059,45,1,-1,-1,-1,0,0
2060,45,-1,0,-1,-1,0,0
2061,45,0,0,-1,-1,0,0
2062,45,1,0,-1,-1,0,0
2063,45,-1,1,-1,-1,0,0
2064,45,0,1,-1,-1,0,0
2065,45,1,1,-1,-1,0,0
2066,45,-1,-1,0,-1,0,0
2067,45,0,-1,0,-1,0,0
2068,45,1,-1,0,-1,0,0
2069,45,-1,0,0,-1,0,0
2070,45,1,0,0,-1,0,0
2071,45,-1,1,0,-1,0,0
2072,45,0,1,0,-1,0,0
2073,45,1,1,0,-1,0,0
2074,45,-1,-1,1,-1,0,0
2075,45,0,-1,1,-1,0,0
2076,45,1,-1,1,-1,0,0
2077,45,-1,0,1,-1,0,0
2078,45,0,0,1,-1,0,0
2079,45,1,0,1,-1,0,0
2080,45,-1,1,1,-1,0,0
2081,45,0,1,1,-1,0,0
2082,45,1,1,1,-1,0,0
2083,45,-1,-1,-1,0,0,0
2084,45,0,-1,-1,0,0,0
2085,45,1,-1,-1,0,0,0
2086,45,-1,0,-1,0,0,0
2087,45,1,0,-1,0,0,0
2088,45,-1,1,-1,0,0,0
2089,45,0,1,-1,0,0,0
2090,45,1,1,-1,0,0,0
2091,45,-1,-1,0,0,0,0
2092,45,1,-1,0,0,0,0
2093,45,-1,1,0,0,0,0
2094,45,1,1,0,0,0,0
2095,45,-1,-1,1,0,0,0
2096,45,0,-1,1,0,0,0
2097,45,1,-1,1,0,0,0
2098,45,-1,0,1,0,0,0
2099,45,1,0,1,0,0,0
2100,45,-1,1,1,0,0,0
2101,45,0,1,1,0,0,0
2102,45,1,1,1,0,0,0
2103,45,-1,-1,-1,1,0,0
2104,45,0,-1,-1,1,0,0
2105,45,1,-1,-1,1,0,0
2106,45,-1,0,-1,1,0,0
2107,45,0,0,-1,1,0,0
2108,45,1,0,-1,1,0,0
2109,45,-1,1,-1,1,0,0
2110,45,0,1,-1,1,0,0
2111,45,1,1,-1,1,0,0
2112,45,-1,-1,0,1,0,0
2113,45,0,-1,0,1,0,0
2114,45,1,-1,0,1,0,0
2115,45,-1,0,0,1,0,0
2116,45,1,0,0,1,0,0
2117,45,-1,1,0,1,0,0
2118,45,0,1,0,1,0,0
2119,45,1,1,0,1,0,0
2120,45,-1,-1,1,1,0,0
2121,45,0,-1,1,1,0,0
2122,45,1,-1,1,1,0,0
2123,45,-1,0,1,1,0,0
2124,45,0,0,1,1,0,0
2125,45,1,0,1,1,0,0
2126,45,-1,1,1,1,0,0
2127,45,0,1,1,1,0,0
2128,45,1,1,1,1,0,0
2129,45,-1,-1,-1,-1,1,0
2130,45,0,-1,-1,-1,1,0
2131,45,1,-1,-1,-1,1,0
2132,45,-1,0,-1,-1,1,0
2133,45,0,0,-1,-1,1,0
2134,45,1,0,-1,-1,1,0
2135,45,-1,1,-1,-1,1,0
2136,45,0,1,-1,-1,1,0
2137,45,1,1,-1,-1,1,0
2138,45,-1,-1,0,-1,1,0
2139,45,0,-1,0,-1,1,0
2140,45,1,-1,0,-1,1,0
2141,45,-1,0,0,-1,1,0
2142,45,0,0,0,-1,1,0
2143,45,1,0,0,-1,1,0
2144,45,-1,1,0,-1,1,0
2145,45,0,1,0,-1,1,0
2146,45,1,1,0,-1,1,0
2147,45,-1,-1,1,-1,1,0
2148,45,0,-1,1,-1,1,0
2149,45,1,-1,1,-1,1,0
2150,45,-1,0,1,-1,1,0
2151,45,0,0,1,-1,1,0
2152,45,1,0,1,-1,1,0
2153,45,-1,1,1,-1,1,0
2154,45,0,1,1,-1,1,0
2155,45,1,1,1,-1,1,0
2156,45,-1,-1,-1,0,1,0
2157,45,0,-1,-1,0,1,0
2158,45,1,-1,-1,0,1,0
2159,45,-1,0,-1,0,1,0
2160,45,0,0,-1,0,1,0
2161,45,1,0,-1,0,1,0
2162,45,-1,1,-1,0,1,0
2163,45,0,1,-1,0,1,0
2164,45,1,1,-1,0,1,0
2165,45,-1,-1,0,0,1,0
2166,45,0,-1,0,0,1,0
2167,45,1,-1,0,0,1,0
2168,45,-1,0,0,0,1,0
2169,45,1,0,0,0,1,0
2170,45,-1,1,0,0,1,0
2171,45,0,1,0,0,1,0
2172,45,1,1,0,0,1,0
2173,45,-1,-1,1,0,1,0
2174,45,0,-1,1,0,1,0
2175,45,1,-1,1,0,1,0
2176,45,-1,0,1,0,1,0
2177,45,0,0,1,0,1,0
2178,45,1,0,1,0,1,0
2179,45,-1,1,1,0,1,0
2180,45,0,1,1,0,1,0
2181,45,1,1,1,0,1,0
2182,45,-1,-1,-1,1,1,0
2183,45,0,-1,-1,1,1,0
2184,45,1,-1,-1,1,1,0
2185,45,-1,0,-1,1,1,0
2186,45,0,0,-1,1,1,0
2187,45,1,0,-1,1,1,0
2188,45,-1,1,-1,1,1,0
2189,45,0,1,-1,1,1,0
2190,45,1,1,-1,1,1,0
2191,45,-1,-1,0,1,1,0
2192,45,0,-1,0,1,1,0
2193,45,1,-1,0,1,1,0
2194,45,-1,0,0,1,1,0
2195,45,0,0,0,1,1,0
2196,45,1,0,0,1,1,0
2197,45,-1,1,0,1,1,0
2198,45,0,1,0,1,1,0
2199,45,1,1,0,1,1,0
2200,45,-1,-1,1,1,1,0
2201,45,0,-1,1,1,1,0
2202,45,1,-1,1,1,1,0
2203,45,-1,0,1,1,1,0
2204,45,0,0,1,1,1,0
2205,45,1,0,1,1,1,0
2206,45,-1,1,1,1,1,0
2207,45,0,1,1,1,1,0
2208,45,1,1,1,1,1,0
2209,45,0,-1,-1,-1,-1,1
2210,45,-1,0,-1,-1,-1,1
2211,45,0,0,-1,-1,-1,1
2212,45,1,0,-1,-1,-1,1
2213,45,0,1,-1,-1,-1,1
2214,45,-1,-1,0,-1,-1,1
2215,45,0,-1,0,-1,-1,1
2216,45,1,-1,0,-1,-1,1
2217,45,-1,0,0,-1,-1,1
2218,45,0,0,0,-1,-1,1
2219,45,1,0,0,-1,-1,1
2220,45,-1,1,0,-1,-1,1
2221,45,0,1,0,-1,-1,1
2222,45,1,1,0,-1,-1,1
2223,45,0,-1,1,-1,-1,1
2224,45,-1,0,1,-1,-1,1
2225,45,0,0,1,-1,-1,1
2226,45,1,0,1,-1,-1,1
2227,45,0,1,1,-1,-1,1
2228,45,-1,-1,-1,0,-1,1
2229,45,0,-1,-1,0,-1,1
2230,45,1,-1,-1,0,-1,1
2231,45,-1,0,-1,0,-1,1
2232,45,0,0,-1,0,-1,1
2233,45,1,0,-1,0,-1,1
2234,45,-1,1,-1,0,-1,1
2235,45,0,1,-1,0,-1,1
2236,45,1,1,-1,0,-1,1
2237,45,-1,-1,0,0,-1,1
2238,45,0,-1,0,0,-1,1
2239,45,1,-1,0,0,-1,1
2240,45,-1,0,0,0,-1,1
2241,45,0,0,0,0,-1,1
2242,45,1,0,0,0,-1,1
2243,45,-1,1,0,0,-1,1
2244,45,0,1,0,0,-1,1
2245,45,1,1,0,0,-1,1
2246,45,-1,-1,1,0,-1,1
2247,45,0,-1,1,0,-1,1
2248,45,1,-1,1,0,-1,1
2249,45,-1,0,1,0,-1,1
2250,45,0,0,1,0,-1,1
2251,45,1,0,1,0,-1,1
2252,45,-1,1,1,0,-1,1
2253,45,0,1,1,0,-1,1
2254,45,1,1,1,0,-1,1
2255,45,0,-1,-1,1,-1,1
2256,45,-1,0,-1,1,-1,1
2257,45,0,0,-1,1,-1,1
2258,45,1,0,-1,1,-1,1
2259,45,0,1,-1,1,-1,1
2260,45,-1,-1,0,1,-1,1
2261,45,0,-1,0,1,-1,1
2262,45,1,-1,0,1,-1,1
2263,45,-1,0,0,1,-1,1
2264,45,0,0,0,1,-1,1
2265,45,1,0,0,1,-1,1
2266,45,-1,1,0,1,-1,1
2267,45,0,1,0,1,-1,1
2268,45,1,1,0,1,-1,1
2269,45,0,-1,1,1,-1,1
2270,45,-1,0,1,1,-1,1
2271,45,0,0,1,1,-1,1
2272,45,1,0,1,1,-1,1
2273,45,0,1,1,1,-1,1
2274,45,-1,-1,-1,-1,0,1
2275,45,0,-1,-1,-1,0,1
2276,45,1,-1,-1,-1,0,1
2277,45,-1,0,-1,-1,0,1
2278,45,0,0,-1,-1,0,1
2279,45,1,0,-1,-1,0,1
2280,45,-1,1,-1,-1,0,1
2281,45,0,1,-1,-1,0,1
2282,45,1,1,-1,-1,0,1
2283,45,-1,-1,0,-1,0,1
2284,45,0,-1,0,-1,0,1
2285,45,1,-1,0,-1,0,1
2286,45,-1,0,0,-1,0,1
2287,45,0,0,0,-1,0,1
2288,45,1,0,0,-1,0,1
2289,45,-1,1,0,-1,0,1
2290,45,0,1,0,-1,0,1
2291,45,1,1,0,-1,0,1
2292,45,-1,-1,1,-1,0,1
2293,45,0,-1,1,-1,0,1
2294,45,1,-1,1,-1,0,1
2295,45,-1,0,1,-1,0,1
2296,45,0,0,1,-1,0,1
2297,45,1,0,1,-1,0,1
2298,45,-1,1,1,-1,0,1
2299,45,0,1,1,-1,0,1
2300,45,1,1,1,-1,0,1
2301,45,-1,-1,-1,0,0,1
2302,45,0,-1,-1,0,0,1
2303,45,1,-1,-1,0,0,1
2304,45,-1,0,-1,0,0,1
2305,45,0,0,-1,0,0,1
2306,45,1,0,-1,0,0,1
2307,45,-1,1,-1,0,0,1
2308,45,0,1,-1,0,0,1
2309,45,1,1,-1,0,0,1
2310,45,-1,-1,0,0,0,1
2311,45,0,-1,0,0,0,1
2312,45,1,-1,0,0,0,1
2313,45,-1,0,0,0,0,1
2314,45,1,0,0,0,0,1
2315,45,-1,1,0,0,0,1
2316,45,0,1,0,0,0,1
2317,45,1,1,0,0,0,1
2318,45,-1,-1,1,0,0,1
2319,45,0,-1,1,0,0,1
2320,45,1,-1,1,0,0,1
2321,45,-1,0,1,0,0,1
2322,45,0,0,1,0,0,1
2323,45,1,0,1,0,0,1
2324,45,-1,1,1,0,0,1
2325,45,0,1,1,0,0,1
2326,45,1,1,1,0,0,1
2327,45,-1,-1,-1,1,0,1
2328,45,0,-1,-1,1,0,1
2329,45,1,-1,-1,1,0,1
2330,45,-1,0,-1,1,0,1
2331,45,0,0,-1,1,0,1
2332,45,1,0,-1,1,0,1
2333,45,-1,1,-1,1,0,1
2334,45,0,1,-1,1,0,1
2335,45,1,1,-1,1,0,1
2336,45,-1,-1,0,1,0,1
2337,45,0,-1,0,1,0,1
2338,45,1,-1,0,1,0,1
2339,45,-1,0,0,1,0,1
2340,45,0,0,0,1,0,1
2341,45,1,0,0,1,0,1
2342,45,-1,1,0,1,0,1
2343,45,0,1,0,1,0,1
2344,45,1,1,0,1,0,1
2345,45,-1,-1,1,1,0,1
2346,45,0,-1,1,1,0,1
2347,45,1,-1,1,1,0,1
2348,45,-1,0,1,1,0,1
2349,45,0,0,1,1,0,1
2350,45,1,0,1,1,0,1
2351,45,-1,1,1,1,0,1
2352,45,0,1,1,1,0,1
2353,45,1,1,1,1,0,1
2354,45,0,-1,-1,-1,1,1
2355,45,-1,0,-1,-1,1,1
2356,45,0,0,-1,-1,1,1
2357,45,1,0,-1,-1,1,1
2358,45,0,1,-1,-1,1,1
2359,45,-1,-1,0,-1,1,1
2360,45,0,-1,0,-1,1,1
2361,45,1,-1,0,-1,1,1
2362,45,-1,0,0,-1,1,1
2363,45,0,0,0,-1,1,1
2364,45,1,0,0,-1,1,1
2365,45,-1,1,0,-1,1,1
2366,45,0,1,0,-1,1,1
2367,45,1,1,0,-1,1,1
2368,45,0,-1,1,-1,1,1
2369,45,-1,0,1,-1,1,1
2370,45,0,0,1,-1,1,1
2371,45,1,0,1,-1,1,1
2372,45,0,1,1,-1,1,1
2373,45,-1,-1,-1,0,1,1
2374,45,0,-1,-1,0,1,1
2375,45,1,-1,-1,0,1,1
2376,45,-1,0,-1,0,1,1
2377,45,0,0,-1,0,1,1
2378,45,1,0,-1,0,1,1
2379,45,-1,1,-1,0,1,1
2380,45,0,1,-1,0,1,1
2381,45,1,1,-1,0,1,1
2382,45,-1,-1,0,0,1,1
2383,45,0,-1,0,0,1,1
2384,45,1,-1,0,0,1,1
2385,45,-1,0,0,0,1,1
2386,45,0,0,0,0,1,1
2387,45,1,0,0,0,1,1
2388,45,-1,1,0,0,1,1
2389,45,0,1,0,0,1,1
2390,45,1,1,0,0,1,1
2391,45,-1,-1,1,0,1,1
2392,45,0,-1,1,0,1,1
2393,45,1,-1,1,0,1,1
2394,45,-1,0,1,0,1,1
2395,45,0,0,1,0,1,1
2396,45,1,0,1,0,1,1
2397,45,-1,1,1,0,1,1
2398,45,0,1,1,0,1,1
2399,45,1,1,1,0,1,1
2400,45,0,-1,-1,1,1,1
2401,45,-1,0,-1,1,1,1
2402,45,0,0,-1,1,1,1
2403,45,1,0,-1,1,1,1
2404,45,0,1,-1,1,1,1
2405,45,-1,-1,0,1,1,1
2406,45,0,-1,0,1,1,1
2407,45,1,-1,0,1,1,1
2408,45,-1,0,0,1,1,1
2409,45,0,0,0,1,1,1
2410,45,1,0,0,1,1,1
2411,45,-1,1,0,1,1,1
2412,45,0,1,0,1,1,1
2413,45,1,1,0,1,1,1
2414,45,0,-1,1,1,1,1
2415,45,-1,0,1,1,1,1
2416,45,0,0,1,1,1,1
2417,45,1,0,1,1,1,1
2418,45,0,1,1,1,1,1
2419,55,0,-1,-1,-1,-1,-1
2420,55,-1,0,-1,-1,-1,-1
2421,55,0,0,-1,-1,-1,-1
2422,55,1,0,-1,-1,-1,-1
2423,55,0,1,-1,-1,-1,-1
2424,55,-1,-1,0,-1,-1,-1
2425,55,0,-1,0,-1,-1,-1
2426,55,1,-1,0,-1,-1,-1
2427,55,-1,0,0,-1,-1,-1
2428,55,0,0,0,-1,-1,-1
2429,55,1,0,0,-1,-1,-1
2430,55,-1,1,0,-1,-1,-1
2431,55,0,1,0,-1,-1,-1
2432,55,1,1,0,-1,-1,-1
2433,55,0,-1,1,-1,-1,-1
2434,55,-1,0,1,-1,-1,-1
2435,55,0,0,1,-1,-1,-1
2436,55,1,0,1,-1,-1,-1
2437,55,0,1,1,-1,-1,-1
2438,55,-1,-1,-1,0,-1,-1
2439,55,0,-1,-1,0,-1,-1
2440,55,1,-1,-1,0,-1,-1
2441,55,-1,0,-1,0,-1,-1
2442,55,0,0,-1,0,-1,-1
2443,55,1,0,-1,0,-1,-1
2444,55,-1,1,-1,0,-1,-1
2445,55,0,1,-1,0,-1,-1
2446,55,1,1,-1,0,-1,-1
2447,55,-1,-1,0,0,-1,-1
2448,55,0,-1,0,0,-1,-1
2449,55,1,-1,0,0,-1,-1
2450,55,-1,0,0,0,-1,-1
2451,55,0,0,0,0,-1,-1
2452,55,1,0,0,0,-1,-1
2453,55,-1,1,0,0,-1,-1
2454,55,0,1,0,0,-1,-1
2455,55,1,1,0,0,-1,-1
2456,55,-1,-1,1,0,-1,-1
2457,55,0,-1,1,0,-1,-1
2458,55,1,-1,1,0,-1,-1
2459,55,-1,0,1,0,-1,-1
2460,55,0,0,1,0,-1,-1
2461,55,1,0,1,0,-1,-1
2462,55,-1,1,1,0,-1,-1
2463,55,0,1,1,0,-1,-1
2464,55,1,1,1,0,-1,-1
2465,55,0,-1,-1,1,-1,-1
2466,55,-1,0,-1,1,-1,-1
2467,55,0,0,-1,1,-1,-1
2468,55,1,0,-1,1,-1,-1
2469,55,0,1,-1,1,-1,-1
2470,55,-1,-1,0,1,-1,-1
2471,55,0,-1,0,1,-1,-1
2472,55,1,-1,0,1,-1,-1
2473,55,-1,0,0,1,-1,-1
2474,55,0,0,0,1,-1,-1
2475,55,1,0,0,1,-1,-1
2476,55,-1,1,0,1,-1,-1
2477,55,0,1,0,1,-1,-1
2478,55,1,1,0,1,-1,-1
2479,55,0,-1,1,1,-1,-1
2480,55,-1,0,1,1,-1,-1
2481,55,0,0,1,1,-1,-1
2482,55,1,0,1,1,-1,-1
2483,55,0,1,1,1,-1,-1
2484,55,-1,-1,-1,-1,0,-1
2485,55,0,-1,-1,-1,0,-1
2486,55,1,-1,-1,-1,0,-1
2487,55,-1,0,-1,-1,0,-1
2488,55,0,0,-1,-1,0,-1
2489,55,1,0,-1,-1,0,-1
2490,55,-1,1,-1,-1,0,-1
2491,55,0,1,-1,-1,0,-1
2492,55,1,1,-1,-1,0,-1
2493,55,-1,-1,0,-1,0,-1
2494,55,0,-1,0,-1,0,-1
2495,55,1,-1,0,-1,0,-1
2496,55,-1,0,0,-1,0,-1
2497,55,0,0,0,-1,0,-1
2498,55,1,0,0,-1,0,-1
2499,55,-1,1,0,-1,0,-1
2500,55,0,1,0,-1,0,-1
2501,55,1,1,0,-1,0,-1
2502,55,-1,-1,1,-1,0,-1
2503,55,0,-1,1,-1,0,-1
2504,55,1,-1,1,-1,0,-1
2505,55,-1,0,1,-1,0,-1
2506,55,0,0,1,-1,0,-1
2507,55,1,0,1,-1,0,-1
2508,55,-1,1,1,-1,0,-1
2509,55,0,1,1,-1,0,-1
2510,55,1,1,1,-1,0,-1
2511,55,-1,-1,-1,0,0,-1
2512,55,0,-1,-1,0,0,-1
2513,55,1,-1,-1,0,0,-1
2514,55,-1,0,-1,0,0,-1
2515,55,0,0,-1,0,0,-1
2516,55,1,0,-1,0,0,-1
2517,55,-1,1,-1,0,0,-1
2518,55,0,1,-1,0,0,-1
2519,55,1,1,-1,0,0,-1
2520,55,-1,-1,0,0,0,-1
2521,55,0,-1,0,0,0,-1
2522,55,1,-1,0,0,0,-1
2523,55,-1,0,0,0,0,-1
2524,55,1,0,0,0,0,-1
2525,55,-1,1,0,0,0,-1
2526,55,0,1,0,0,0,-1
2527,55,1,1,0,0,0,-1
2528,55,-1,-1,1,0,0,-1
2529,55,0,-1,1,0,0,-1
2530,55,1,-1,1,0,0,-1
2531,55,-1,0,1,0,0,-1
2532,55,0,0,1,0,0,-1
2533,55,1,0,1,0,0,-1
2534,55,-1,1,1,0,0,-1
2535,55,0,1,1,0,0,-1
2536,55,1,1,1,0,0,-1
2537,55,-1,-1,-1,1,0,-1
2538,55,0,-1,-1,1,0,-1
2539,55,1,-1,-1,1,0,-1
2540,55,-1,0,-1,1,0,-1
2541,55,0,0,-1,1,0,-1
2542,55,1,0,-1,1,0,-1
2543,55,-1,1,-1,1,0,-1
2544,55,0,1,-1,1,0,-1
2545,55,1,1,-1,1,0,-1
2546,55,-1,-1,0,1,0,-1
2547,55,0,-1,0,1,0,-1
2548,55,1,-1,0,1,0,-1
2549,55,-1,0,0,1,0,-1
2550,55,0,0,0,1,0,-1
2551,55,1,0,0,1,0,-1
2552,55,-1,1,0,1,0,-1
2553,55,0,1,0,1,0,-1
2554,55,1,1,0,1,0,-1
2555,55,-1,-1,1,1,0,-1
2556,55,0,-1,1,1,0,-1
2557,55,1,-1,1,1,0,-1
2558,55,-1,0,1,1,0,-1
2559,55,0,0,1,1,0,-1
2560,55,1,0,1,1,0,-1
2561,55,-1,1,1,1,0,-1
2562,55,0,1,1,1,0,-1
2563,55,1,1,1,1,0,-1
2564,55,0,-1,-1,-1,1,-1
2565,55,-1,0,-1,-1,1,-1
2566,55,0,0,-1,-1,1,-1
2567,55,1,0,-1,-1,1,-1
2568,55,0,1,-1,-1,1,-1
2569,55,-1,-1,0,-1,1,-1
2570,55,0,-1,0,-1,1,-1
2571,55,1,-1,0,-1,1,-1
2572,55,-1,0,0,-1,1,-1
2573,55,0,0,0,-1,1,-1
2574,55,1,0,0,-1,1,-1
2575,55,-1,1,0,-1,1,-1
2576,55,0,1,0,-1,1,-1
2577,55,1,1,0,-1,1,-1
2578,55,0,-1,1,-1,1,-1
2579,55,-1,0,1,-1,1,-1
2580,55,0,0,1,-1,1,-1
2581,55,1,0,1,-1,1,-1
2582,55,0,1,1,-1,1,-1
2583,55,-1,-1,-1,0,1,-1
2584,55,0,-1,-1,0,1,-1
2585,55,1,-1,-1,0,1,-1
2586,55,-1,0,-1,0,1,-1
2587,55,0,0,-1,0,1,-1
2588,55,1,0,-1,0,1,-1
2589,55,-1,1,-1,0,1,-1
2590,55,0,1,-1,0,1,-1
2591,55,1,1,-1,0,1,-1
2592,55,-1,-1,0,0,1,-1
2593,55,0,-1,0,0,1,-1
2594,55,1,-1,0,0,1,-1
2595,55,-1,0,0,0,1,-1
2596,55,0,0,0,0,1,-1
2597,55,1,0,0,0,1,-1
2598,55,-1,1,0,0,1,-1
2599,55,0,1,0,0,1,-1
2600,55,1,1,0,0,1,-1
2601,55,-1,-1,1,0,1,-1
2602,55,0,-1,1,0,1,-1
2603,55,1,-1,1,0,1,-1
2604,55,-1,0,1,0,1,-1
2605,55,0,0,1,0,1,-1
2606,55,1,0,1,0,1,-1
2607,55,-1,1,1,0,1,-1
2608,55,0,1,1,0,1,-1
2609,55,1,1,1,0,1,-1
2610,55,0,-1,-1,1,1,-1
2611,55,-1,0,-1,1,1,-1
2612,55,0,0,-1,1,1,-1
2613,55,1,0,-1,1,1,-1
2614,55,0,1,-1,1,1,-1
2615,55,-1,-1,0,1,1,-1
2616,55,0,-1,0,1,1,-1
2617,55,1,-1,0,1,1,-1
2618,55,-1,0,0,1,1,-1
2619,55,0,0,0,1,1,-1
2620,55,1,0,0,1,1,-1
2621,55,-1,1,0,1,1,-1
2622,55,0,1,0,1,1,-1
2623,55,1,1,0,1,1,-1
2624,55,0,-1,1,1,1,-1
2625,55,-1,0,1,1,1,-1
2626,55,0,0,1,1,1,-1
2627,55,1,0,1,1,1,-1
2628,55,0,1,1,1,1,-1
2629,55,-1,-1,-1,-1,-1,0
2630,55,0,-1,-1,-1,-1,0
2631,55,1,-1,-1,-1,-1,0
2632,55,-1,0,-1,-1,-1,0
2633,55,0,0,-1,-1,-1,0
2634,55,1,0,-1,-1,-1,0
2635,55,-1,1,-1,-1,-1,0
2636,55,0,1,-1,-1,-1,0
2637,55,1,1,-1,-1,-1,0
2638,55,-1,-1,0,-1,-1,0
2639,55,0,-1,0,-1,-1,0
2640,55,1,-1,0,-1,-1,0
2641,55,-1,0,0,-1,-1,0
2642,55,0,0,0,-1,-1,0
2643,55,1,0,0,-1,-1,0
2644,55,-1,1,0,-1,-1,0
2645,55,0,1,0,-1,-1,0
2646,55,1,1,0,-1,-1,0
2647,55,-1,-1,1,-1,-1,0
2648,55,0,-1,1,-1,-1,0
2649,55,1,-1,1,-1,-1,0
2650,55,-1,0,1,-1,-1,0
2651,55,0,0,1,-1,-1,0
2652,55,1,0,1,-1,-1,0
2653,55,-1,1,1,-1,-1,0
2654,55,0,1,1,-1,-1,0
2655,55,1,1,1,-1,-1,0
2656,55,-1,-1,-1,0,-1,0
2657,55,0,-1,-1,0,-1,0
2658,55,1,-1,-1,0,-1,0
2659,55,-1,0,-1,0,-1,0
2660,55,0,0,-1,0,-1,0
2661,55,1,0,-1,0,-1,0
2662,55,-1,1,-1,0,-1,0
2663,55,0,1,-1,0,-1,0
2664,55,1,1,-1,0,-1,0
2665,55,-1,-1,0,0,-1,0
2666,55,0,-1,0,0,-1,0
2667,55,1,-1,0,0,-1,0
2668,55,-1,0,0,0,-1,0
2669,55,1,0,0,0,-1,0
2670,55,-1,1,0,0,-1,0
2671,55,0,1,0,0,-1,0
2672,55,1,1,0,0,-1,0
2673,55,-1,-1,1,0,-1,0
2674,55,0,-1,1,0,-1,0
2675,55,1,-1,1,0,-1,0
2676,55,-1,0,1,0,-1,0
2677,55,0,0,1,0,-1,0
2678,55,1,0,1,0,-1,0
2679,55,-1,1,1,0,-1,0
2680,55,0,1,1,0,-1,0
2681,55,1,1,1,0,-1,0
2682,55,-1,-1,-1,1,-1,0
2683,55,0,-1,-1,1,-1,0
2684,55,1,-1,-1,1,-1,0
2685,55,-1,0,-1,1,-1,0
2686,55,0,0,-1,1,-1,0
2687,55,1,0,-1,1,-1,0
2688,55,-1,1,-1,1,-1,0
2689,55,0,1,-1,1,-1,0
2690,55,1,1,-1,1,-1,0
2691,55,-1,-1,0,1,-1,0
2692,55,0,-1,0,1,-1,0
2693,55,1,-1,0,1,-1,0
2694,55,-1,0,0,1,-1,0
2695,55,0,0,0,1,-1,0
2696,55,1,0,0,1,-1,0
2697,55,-1,1,0,1,-1,0
2698,55,0,1,0,1,-1,0
2699,55,1,1,0,1,-1,0
2700,55,-1,-1,1,1,-1,0
2701,55,0,-1,1,1,-1,0
2702,55,1,-1,1,1,-1,0
2703,55,-1,0,1,1,-1,0
2704,55,0,0,1,1,-1,0
2705,55,1,0,1,1,-1,0
2706,55,-1,1,1,1,-1,0
2707,55,0,1,1,1,-1,0
2708,55,1,1,1,1,-1,0
2709,55,-1,-1,-1,-1,0,0
2710,55,0,-1,-1,-1,0,0
2711,55,1,-1,-1,-1,0,0
2712,55,-1,0,-1,-1,0,0
2713,55,0,0,-1,-1,0,0
2714,55,1,0,-1,-1,0,0
2715,55,-1,1,-1,-1,0,0
2716,55,0,1,-1,-1,0,0
2717,55,1,1,-1,-1,0,0
2718,55,-1,-1,0,-1,0,0
2719,55,0,-1,0,-1,0,0
2720,55,1,-1,0,-1,0,0
2721,55,-1,0,0,-1,0,0
2722,55,1,0,0,-1,0,0
2723,55,-1,1,0,-1,0,0
2724,55,0,1,0,-1,0,0
2725,55,1,1,0,-1,0,0
2726,55,-1,-1,1,-1,0,0
2727,55,0,-1,1,-1,0,0
2728,55,1,-1,1,-1,0,0
2729,55,-1,0,1,-1,0,0
2730,55,0,0,1,-1,0,0
2731,55,1,0,1,-1,0,0
2732,55,-1,1,1,-1,0,0
2733,55,0,1,1,-1,0,0
2734,55,1,1,1,-1,0,0
2735,55,-1,-1,-1,0,0,0
2736,55,0,-1,-1,0,0,0
2737,55,1,-1,-1,0,0,0
2738,55,-1,0,-1,0,0,0
2739,55,1,0,-1,0,0,0
2740,55,-1,1,-1,0,0,0
2741,55,0,1,-1,0,0,0
2742,55,1,1,-1,0,0,0
2743,55,-1,-1,0,0,0,0
2744,55,1,-1,0,0,0,0
2745,55,-1,1,0,0,0,0
2746,55,1,1,0,0,0,0
2747,55,-1,-1,1,0,0,0
2748,55,0,-1,1,0,0,0
2749,55,1,-1,1,0,0,0
2750,55,-1,0,1,0,0,0
2751,55,1,0,1,0,0,0
2752,55,-1,1,1,0,0,0
2753,55,0,1,1,0,0,0
2754,55,1,1,1,0,0,0
2755,55,-1,-1,-1,1,0,0
2756,55,0,-1,-1,1,0,0
2757,55,1,-1,-1,1,0,0
2758,55,-1,0,-1,1,0,0
2759,55,0,0,-1,1,0,0
2760,55,1,0,-1,1,0,0
2761,55,-1,1,-1,1,0,0
2762,55,0,1,-1,1,0,0
2763,55,1,1,-1,1,0,0
2764,55,-1,-1,0,1,0,0
2765,55,0,-1,0,1,0,0
2766,55,1,-1,0,1,0,0
2767,55,-1,0,0,1,0,0
2768,55,1,0,0,1,0,0
2769,55,-1,1,0,1,0,0
2770,55,0,1,0,1,0,0
2771,55,1,1,0,1,0,0
2772,55,-1,-1,1,1,0,0
2773,55,0,-1,1,1,0,0
2774,55,1,-1,1,1,0,0
2775,55,-1,0,1,1,0,0
2776,55,0,0,1,1,0,0
2777,55,1,0,1,1,0,0
2778,55,-1,1,1,1,0,0
2779,55,0,1,1,1,0,0
2780,55,1,1,1,1,0,0
2781,55,-1,-1,-1,-1,1,0
2782,55,0,-1,-1,-1,1,0
2783,55,1,-1,-1,-1,1,0
2784,55,-1,0,-1,-1,1,0
2785,55,0,0,-1,-1,1,0
2786,55,1,0,-1,-1,1,0
2787,55,-1,1,-1,-1,1,0
2788,55,0,1,-1,-1,1,0
2789,55,1,1,-1,-1,1,0
2790,55,-1,-1,0,-1,1,0
2791,55,0,-1,0,-1,1,0
2792,55,1,-1,0,-1,1,0
2793,55,-1,0,0,-1,1,0
2794,55,0,0,0,-1,1,0
2795,55,1,0,0,-1,1,0
2796,55,-1,1,0,-1,1,0
2797,55,0,1,0,-1,1,0
2798,55,1,1,0,-1,1,0
2799,55,-1,-1,1,-1,1,0
2800,55,0,-1,1,-1,1,0
2801,55,1,-1,1,-1,1,0
2802,55,-1,0,1,-1,1,0
2803,55,0,0,1,-1,1,0
2804,55,1,0,1,-1,1,0
2805,55,-1,1,1,-1,1,0
2806,55,0,1,1,-1,1,0
2807,55,1,1,1,-1,1,0
2808,55,-1,-1,-1,0,1,0
2809,55,0,-1,-1,0,1,0
2810,55,1,-1,-1,0,1,0
2811,55,-1,0,-1,0,1,0
2812,55,0,0,-1,0,1,0
2813,55,1,0,-1,0,1,0
2814,55,-1,1,-1,0,1,0
2815,55,0,1,-1,0,1,0
2816,55,1,1,-1,0,1,0
2817,55,-1,-1,0,0,1,0
2818,55,0,-1,0,0,1,0
2819,55,1,-1,0,0,1,0
2820,55,-1,0,0,0,1,0
2821,55,1,0,0,0,1,0
2822,55,-1,1,0,0,1,0
2823,55,0,1,0,0,1,0
2824,55,1,1,0,0,1,0
2825,55,-1,-1,1,0,1,0
2826,55,0,-1,1,0,1,0
2827,55,1,-1,1,0,1,0
2828,55,-1,0,1,0,1,0
2829,55,0,0,1,0,1,0
2830,55,1,0,1,0,1,0
2831,55,-1,1,1,0,1,0
2832,55,0,1,1,0,1,0
2833,55,1,1,1,0,1,0
2834,55,-1,-1,-1,1,1,0
2835,55,0,-1,-1,1,1,0
2836,55,1,-1,-1,1,1,0
2837,55,-1,0,-1,1,1,0
2838,55,0,0,-1,1,1,0
2839,55,1,0,-1,1,1,0
2840,55,-1,1,-1,1,1,0
2841,55,0,1,-1,1,1,0
2842,55,1,1,-1,1,1,0
2843,55,-1,-1,0,1,1,0
2844,55,0,-1,0,1,1,0
2845,55,1,-1,0,1,1,0
2846,55,-1,0,0,1,1,0
2847,55,0,0,0,1,1,0
2848,55,1,0,0,1,1,0
2849,55,-1,1,0,1,1,0
2850,55,0,1,0,1,1,0
2851,55,1,1,0,1,1,0
2852,55,-1,-1,1,1,1,0
2853,55,0,-1,1,1,1,0
2854,55,1,-1,1,1,1,0
2855,55,-1,0,1,1,1,0
2856,55,0,0,1,1,1,0
2857,55,1,0,1,1,1,0
2858,55,-1,1,1,1,1,0
2859,55,0,1,1,1,1,0
2860,55,1,1,1,1,1,0
2861,55,0,-1,-1,-1,-1,1
2862,55,-1,0,-1,-1,-1,1
2863,55,0,0,-1,-1,-1,1
2864,55,1,0,-1,-1,-1,1
2865,55,0,1,-1,-1,-1,1
2866,55,-1,-1,0,-1,-1,1
2867,55,0,-1,0,-1,-1,1
2868,55,1,-1,0,-1,-1,1
2869,55,-1,0,0,-1,-1,1
2870,55,0,0,0,-1,-1,1
2871,55,1,0,0,-1,-1,1
2872,55,-1,1,0,-1,-1,1
2873,55,0,1,0,-1,-1,1
2874,55,1,1,0,-1,-1,1
2875,55,0,-1,1,-1,-1,1
2876,55,-1,0,1,-1,-1,1
2877,55,0,0,1,-1,-1,1
2878,55,1,0,1,-1,-1,1
2879,55,0,1,1,-1,-1,1
2880,55,-1,-1,-1,0,-1,1
2881,55,0,-1,-1,0,-1,1
2882,55,1,-1,-1,0,-1,1
2883,55,-1,0,-1,0,-1,1
2884,55,0,0,-1,0,-1,1
2885,55,1,0,-1,0,-1,1
2886,55,-1,1,-1,0,-1,1
2887,55,0,1,-1,0,-1,1
2888,55,1,1,-1,0,-1,1
2889,55,-1,-1,0,0,-1,1
2890,55,0,-1,0,0,-1,1
2891,55,1,-1,0,0,-1,1
2892,55,-1,0,0,0,-1,1
2893,55,0,0,0,0,-1,1
2894,55,1,0,0,0,-1,1
2895,55,-1,1,0,0,-1,1
2896,55,0,1,0,0,-1,1
2897,55,1,1,0,0,-1,1
2898,55,-1,-1,1,0,-1,1
2899,55,0,-1,1,0,-1,1
2900,55,1,-1,1,0,-1,1
2901,55,-1,0,1,0,-1,1
2902,55,0,0,1,0,-1,1
2903,55,1,0,1,0,-1,1
2904,55,-1,1,1,0,-1,1
2905,55,0,1,1,0,-1,1
2906,55,1,1,1,0,-1,1
2907,55,0,-1,-1,1,-1,1
2908,55,-1,0,-1,1,-1,1
2909,55,0,0,-1,1,-1,1
2910,55,1,0,-1,1,-1,1
2911,55,0,1,-1,1,-1,1
2912,55,-1,-1,0,1,-1,1
2913,55,0,-1,0,1,-1,1
2914,55,1,-1,0,1,-1,1
2915,55,-1,0,0,1,-1,1
2916,55,0,0,0,1,-1,1
2917,55,1,0,0,1,-1,1
2918,55,-1,1,0,1,-1,1
2919,55,0,1,0,1,-1,1
2920,55,1,1,0,1,-1,1
2921,55,0,-1,1,1,-1,1
2922,55,-1,0,1,1,-1,1
2923,55,0,0,1,1,-1,1
2924,55,1,0,1,1,-1,1
2925,55,0,1,1,1,-1,1
2926,55,-1,-1,-1,-1,0,1
2927,55,0,-1,-1,-1,0,1
2928,55,1,-1,-1,-1,0,1
2929,55,-1,0,-1,-1,0,1
2930,55,0,0,-1,-1,0,1
2931,55,1,0,-1,-1,0,1
2932,55,-1,1,-1,-1,0,1
2933,55,0,1,-1,-1,0,1
2934,55,1,1,-1,-1,0,1
2935,55,-1,-1,0,-1,0,1
2936,55,0,-1,0,-1,0,1
2937,55,1,-1,0,-1,0,1
2938,55,-1,0,0,-1,0,1
2939,55,0,0,0,-1,0,1
2940,55,1,0,0,-1,0,1
2941,55,-1,1,0,-1,0,1
2942,55,0,1,0,-1,0,1
2943,55,1,1,0,-1,0,1
2944,55,-1,-1,1,-1,0,1
2945,55,0,-1,1,-1,0,1
2946,55,1,-1,1,-1,0,1
2947,55,-1,0,1,-1,0,1
2948,55,0,0,1,-1,0,1
2949,55,1,0,1,-1,0,1
2950,55,-1,1,1,-1,0,1
2951,55,0,1,1,-1,0,1
2952,55,1,1,1,-1,0,1
2953,55,-1,-1,-1,0,0,1
2954,55,0,-1,-1,0,0,1
2955,55,1,-1,-1,0,0,1
2956,55,-1,0,-1,0,0,1
2957,55,0,0,-1,0,0,1
2958,55,1,0,-1,0,0,1
2959,55,-1,1,-1,0,0,1
2960,55,0,1,-1,0,0,1
2961,55,1,1,-1,0,0,1
2962,55,-1,-1,0,0,0,1
2963,55,0,-1,0,0,0,1
2964,55,1,-1,0,0,0,1
2965,55,-1,0,0,0,0,1
2966,55,1,0,0,0,0,1
2967,55,-1,1,0,0,0,1
2968,55,0,1,0,0,0,1
2969,55,1,1,0,0,0,1
2970,55,-1,-1,1,0,0,1
2971,55,0,-1,1,0,0,1
2972,55,1,-1,1,0,0,1
2973,55,-1,0,1,0,0,1
2974,55,0,0,1,0,0,1
2975,55,1,0,1,0,0,1
2976,55,-1,1,1,0,0,1
2977,55,0,1,1,0,0,1
2978,55,1,1,1,0,0,1
2979,55,-1,-1,-1,1,0,1
2980,55,0,-1,-1,1,0,1
2981,55,1,-1,-1,1,0,1
2982,55,-1,0,-1,1,0,1
2983,55,0,0,-1,1,0,1
2984,55,1,0,-1,1,0,1
2985,55,-1,1,-1,1,0,1
2986,55,0,1,-1,1,0,1
2987,55,1,1,-1,1,0,1
2988,55,-1,-1,0,1,0,1
2989,55,0,-1,0,1,0,1
2990,55,1,-1,0,1,0,1
2991,55,-1,0,0,1,0,1
2992,55,0,0,0,1,0,1
2993,55,1,0,0,1,0,1
2994,55,-1,1,0,1,0,1
2995,55,0,1,0,1,0,1
2996,55,1,1,0,1,0,1
2997,55,-1,-1,1,1,0,1
2998,55,0,-1,1,1,0,1
2999,55,1,-1,1,1,0,1
3000,55,-1,0,1,1,0,1
3001,55,0,0,1,1,0,1
3002,55,1,0,1,1,0,1
3003,55,-1,1,1,1,0,1
3004,55,0,1,1,1,0,1
3005,55,1,1,1,1,0,1
3006,55,0,-1,-1,-1,1,1
3007,55,-1,0,-1,-1,1,1
3008,55,0,0,-1,-1,1,1
3009,55,1,0,-1,-1,1,1
3010,55,0,1,-1,-1,1,1
3011,55,-1,-1,0,-1,1,1
3012,55,0,-1,0,-1,1,1
3013,55,1,-1,0,-1,1,1
3014,55,-1,0,0,-1,1,1
3015,55,0,0,0,-1,1,1
3016,55,1,0,0,-1,1,1
3017,55,-1,1,0,-1,1,1
3018,55,0,1,0,-1,1,1
3019,55,1,1,0,-1,1,1
3020,55,0,-1,1,-1,1,1
3021,55,-1,0,1,-1,1,1
3022,55,0,0,1,-1,1,1
3023,55,1,0,1,-1,1,1
3024,55,0,1,1,-1,1,1
3025,55,-1,-1,-1,0,1,1
3026,55,0,-1,-1,0,1,1
3027,55,1,-1,-1,0,1,1
3028,55,-1,0,-1,0,1,1
3029,55,0,0,-1,0,1,1
3030,55,1,0,-1,0,1,1
3031,55,-1,1,-1,0,1,1
3032,55,0,1,-1,0,1,1
3033,55,1,1,-1,0,1,1
3034,55,-1,-1,0,0,1,1
3035,55,0,-1,0,0,1,1
3036,55,1,-1,0,0,1,1
3037,55,-1,0,0,0,1,1
3038,55,0,0,0,0,1,1
3039,55,1,0,0,0,1,1
3040,55,-1,1,0,0,1,1
3041,55,0,1,0,0,1,1
3042,55,1,1,0,0,1,1
3043,55,-1,-1,1,0,1,1
3044,55,0,-1,1,0,1,1
3045,55,1,-1,1,0,1,1
3046,55,-1,0,1,0,1,1
3047,55,0,0,1,0,1,1
3048,55,1,0,1,0,1,1
3049,55,-1,1,1,0,1,1
3050,55,0,1,1,0,1,1
3051,55,1,1,1,0,1,1
3052,55,0,-1,-1,1,1,1
3053,55,-1,0,-1,1,1,1
3054,55,0,0,-1,1,1,1
3055,55,1,0,-1,1,1,1
3056,55,0,1,-1,1,1,1
3057,55,-1,-1,0,1,1,1
3058,55,0,-1,0,1,1,1
3059,55,1,-1,0,1,1,1
3060,55,-1,0,0,1,1,1
3061,55,0,0,0,1,1,1
3062,55,1,0,0,1,1,1
3063,55,-1,1,0,1,1,1
3064,55,0,1,0,1,1,1
3065,55,1,1,0,1,1,1
3066,55,0,-1,1,1,1,1
3067,55,-1,0,1,1,1,1
3068,55,0,0,1,1,1,1
3069,55,1,0,1,1,1,1
3070,55,0,1,1,1,1,1
3071,65,0,-1,-1,-1,-1,-1
3072,65,-1,0,-1,-1,-1,-1
3073,65,0,0,-1,-1,-1,-1
3074,65,1,0,-1,-1,-1,-1
3075,65,0,1,-1,-1,-1,-1
3076,65,-1,-1,0,-1,-1,-1
3077,65,0,-1,0,-1,-1,-1
3078,65,1,-1,0,-1,-1,-1
3079,65,-1,0,0,-1,-1,-1
3080,65,0,0,0,-1,-1,-1
3081,65,1,0,0,-1,-1,-1
3082,65,-1,1,0,-1,-1,-1
3083,65,0,1,0,-1,-1,-1
3084,65,1,1,0,-1,-1,-1
3085,65,0,-1,1,-1,-1,-1
3086,65,-1,0,1,-1,-1,-1
3087,65,0,0,1,-1,-1,-1
3088,65,1,0,1,-1,-1,-1
3089,65,0,1,1,-1,-1,-1
3090,65,-1,-1,-1,0,-1,-1
3091,65,0,-1,-1,0,-1,-1
3092,65,1,-1,-1,0,-1,-1
3093,65,-1,0,-1,0,-1,-1
3094,65,0,0,-1,0,-1,-1
3095,65,1,0,-1,0,-1,-1
3096,65,-1,1,-1,0,-1,-1
3097,65,0,1,-1,0,-1,-1
3098,65,1,1,-1,0,-1,-1
3099,65,-1,-1,0,0,-1,-1
3100,65,0,-1,0,0,-1,-1
3101,65,1,-1,0,0,-1,-1
3102,65,-1,0,0,0,-1,-1
3103,65,0,0,0,0,-1,-1
3104,65,1,0,0,0,-1,-1
3105,65,-1,1,0,0,-1,-1
3106,65,0,1,0,0,-1,-1
3107,65,1,1,0,0,-1,-1
3108,65,-1,-1,1,0,-1,-1
3109,65,0,-1,1,0,-1,-1
3110,65,1,-1,1,0,-1,-1
3111,65,-1,0,1,0,-1,-1
3112,65,0,0,1,0,-1,-1
3113,65,1,0,1,0,-1,-1
3114,65,-1,1,1,0,-1,-1
3115,65,0,1,1,0,-1,-1
3116,65,1,1,1,0,-1,-1
3117,65,0,-1,-1,1,-1,-1
3118,65,-1,0,-1,1,-1,-1
3119,65,0,0,-1,1,-1,-1
3120,65,1,0,-1,1,-1,-1
3121,65,0,1,-1,1,-1,-1
3122,65,-1,-1,0,1,-1,-1
3123,65,0,-1,0,1,-1,-1
3124,65,1,-1,0,1,-1,-1
3125,65,-1,0,0,1,-1,-1
3126,65,0,0,0,1,-1,-1
3127,65,1,0,0,1,-1,-1
3128,65,-1,1,0,1,-1,-1
3129,65,0,1,0,1,-1,-1
3130,65,1,1,0,1,-1,-1
3131,65,0,-1,1,1,-1,-1
3132,65,-1,0,1,1,-1,-1
3133,65,0,0,1,1,-1,-1
3134,65,1,0,1,1,-1,-1
3135,65,0,1,1,1,-1,-1
3136,65,-1,-1,-1,-1,0,-1
3137,65,0,-1,-1,-1,0,-1
3138,65,1,-1,-1,-1,0,-1
3139,65,-1,0,-1,-1,0,-1
3140,65,0,0,-1,-1,0,-1
3141,65,1,0,-1,-1,0,-1
3142,65,-1,1,-1,-1,0,-1
3143,65,0,1,-1,-1,0,-1
3144,65,1,1,-1,-1,0,-1
3145,65,-1,-1,0,-1,0,-1
3146,65,0,-1,0,-1,0,-1
3147,65,1,-1,0,-1,0,-1
3148,65,-1,0,0,-1,0,-1
3149,65,0,0,0,-1,0,-1
3150,65,1,0,0,-1,0,-1
3151,65,-1,1,0,-1,0,-1
3152,65,0,1,0,-1,0,-1
3153,65,1,1,0,-1,0,-1
3154,65,-1,-1,1,-1,0,-1
3155,65,0,-1,1,-1,0,-1
3156,65,1,-1,1,-1,0,-1
3157,65,-1,0,1,-1,0,-1
3158,65,0,0,1,-1,0,-1
3159,65,1,0,1,-1,0,-1
3160,65,-1,1,1,-1,0,-1
3161,65,0,1,1,-1,0,-1
3162,65,1,1,1,-1,0,-1
3163,65,-1,-1,-1,0,0,-1
3164,65,0,-1,-1,0,0,-1
3165,65,1,-1,-1,0,0,-1
3166,65,-1,0,-1,0,0,-1
3167,65,0,0,-1,0,0,-1
3168,65,1,0,-1,0,0,-1
3169,65,-1,1,-1,0,0,-1
3170,65,0,1,-1,0,0,-1
3171,65,1,1,-1,0,0,-1
3172,65,-1,-1,0,0,0,-1
3173,65,0,-1,0,0,0,-1
3174,65,1,-1,0,0,0,-1
3175,65,-1,0,0,0,0,-1
3176,65,1,0,0,0,0,-1
3177,65,-1,1,0,0,0,-1
3178,65,0,1,0,0,0,-1
3179,65,1,1,0,0,0,-1
3180,65,-1,-1,1,0,0,-1
3181,65,0,-1,1,0,0,-1
3182,65,1,-1,1,0,0,-1
3183,65,-1,0,1,0,0,-1
3184,65,0,0,1,0,0,-1
3185,65,1,0,1,0,0,-1
3186,65,-1,1,1,0,0,-1
3187,65,0,1,1,0,0,-1
3188,65,1,1,1,0,0,-1
3189,65,-1,-1,-1,1,0,-1
3190,65,0,-1,-1,1,0,-1
3191,65,1,-1,-1,1,0,-1
3192,65,-1,0,-1,1,0,-1
3193,65,0,0,-1,1,0,-1
3194,65,1,0,-1,1,0,-1
3195,65,-1,1,-1,1,0,-1
3196,65,0,1,-1,1,0,-1
3197,65,1,1,-1,1,0,-1
3198,65,-1,-1,0,1,0,-1
3199,65,0,-1,0,1,0,-1
3200,65,1,-1,0,1,0,-1
3201,65,-1,0,0,1,0,-1
3202,65,0,0,0,1,0,-1
3203,65,1,0,0,1,0,-1
3204,65,-1,1,0,1,0,-1
3205,65,0,1,0,1,0,-1
3206,65,1,1,0,1,0,-1
3207,65,-1,-1,1,1,0,-1
3208,65,0,-1,1,1,0,-1
3209,65,1,-1,1,1,0,-1
3210,65,-1,0,1,1,0,-1
3211,65,0,0,1,1,0,-1
3212,65,1,0,1,1,0,-1
3213,65,-1,1,1,1,0,-1
3214,65,0,1,1,1,0,-1
3215,65,1,1,1,1,0,-1
3216,65,0,-1,-1,-1,1,-1
3217,65,-1,0,-1,-1,1,-1
3218,65,0,0,-1,-1,1,-1
3219,65,1,0,-1,-1,1,-1
3220,65,0,1,-1,-1,1,-1
3221,65,-1,-1,0,-1,1,-1
3222,65,0,-1,0,-1,1,-1
3223,65,1,-1,0,-1,1,-1
3224,65,-1,0,0,-1,1,-1
3225,65,0,0,0,-1,1,-1
3226,65,1,0,0,-1,1,-1
3227,65,-1,1,0,-1,1,-1
3228,65,0,1,0,-1,1,-1
3229,65,1,1,0,-1,1,-1
3230,65,0,-1,1,-1,1,-1
3231,65,-1,0,1,-1,1,-1
3232,65,0,0,1,-1,1,-1
3233,65,1,0,1,-1,1,-1
3234,65,0,1,1,-1,1,-1
3235,65,-1,-1,-1,0,1,-1
3236,65,0,-1,-1,0,1,-1
3237,65,1,-1,-1,0,1,-1
3238,65,-1,0,-1,0,1,-1
3239,65,0,0,-1,0,1,-1
3240,65,1,0,-1,0,1,-1
3241,65,-1,1,-1,0,1,-1
3242,65,0,1,-1,0,1,-1
3243,65,1,1,-1,0,1,-1
3244,65,-1,-1,0,0,1,-1
3245,65,0,-1,0,0,1,-1
3246,65,1,-1,0,0,1,-1
3247,65,-1,0,0,0,1,-1
3248,65,0,0,0,0,1,-1
3249,65,1,0,0,0,1,-1
3250,65,-1,1,0,0,1,-1
3251,65,0,1,0,0,1,-1
3252,65,1,1,0,0,1,-1
3253,65,-1,-1,1,0,1,-1
3254,65,0,-1,1,0,1,-1
3255,65,1,-1,1,0,1,-1
3256,65,-1,0,1,0,1,-1
3257,65,0,0,1,0,1,-1
3258,65,1,0,1,0,1,-1
3259,65,-1,1,1,0,1,-1
3260,65,0,1,1,0,1,-1
3261,65,1,1,1,0,1,-1
3262,65,0,-1,-1,1,1,-1
3263,65,-1,0,-1,1,1,-1
3264,65,0,0,-1,1,1,-1
3265,65,1,0,-1,1,1,-1
3266,65,0,1,-1,1,1,-1
3267,65,-1,-1,0,1,1,-1
3268,65,0,-1,0,1,1,-1
3269,65,1,-1,0,1,1,-1
3270,65,-1,0,0,1,1,-1
3271,65,0,0,0,1,1,-1
3272,65,1,0,0,1,1,-1
3273,65,-1,1,0,1,1,-1
3274,65,0,1,0,1,1,-1
3275,65,1,1,0,1,1,-1
3276,65,0,-1,1,1,1,-1
3277,65,-1,0,1,1,1,-1
3278,65,0,0,1,1,1,-1
3279,65,1,0,1,1,1,-1
3280,65,0,1,1,1,1,-1
3281,65,-1,-1,-1,-1,-1,0
3282,65,0,-1,-1,-1,-1,0
3283,65,1,-1,-1,-1,-1,0
3284,65,-1,0,-1,-1,-1,0
3285,65,0,0,-1,-1,-1,0
3286,65,1,0,-1,-1,-1,0
3287,65,-1,1,-1,-1,-1,0
3288,65,0,1,-1,-1,-1,0
3289,65,1,1,-1,-1,-1,0
3290,65,-1,-1,0,-1,-1,0
3291,65,0,-1,0,-1,-1,0
3292,65,1,-1,0,-1,-1,0
3293,65,-1,0,0,-1,-1,0
3294,65,0,0,0,-1,-1,0
3295,65,1,0,0,-1,-1,0
3296,65,-1,1,0,-1,-1,0
3297,65,0,1,0,-1,-1,0
3298,65,1,1,0,-1,-1,0
3299,65,-1,-1,1,-1,-1,0
3300,65,0,-1,1,-1,-1,0
3301,65,1,-1,1,-1,-1,0
3302,65,-1,0,1,-1,-1,0
3303,65,0,0,1,-1,-1,0
3304,65,1,0,1,-1,-1,0
3305,65,-1,1,1,-1,-1,0
3306,65,0,1,1,-1,-1,0
3307,65,1,1,1,-1,-1,0
3308,65,-1,-1,-1,0,-1,0
3309,65,0,-1,-1,0,-1,0
3310,65,1,-1,-1,0,-1,0
3311,65,-1,0,-1,0,-1,0
3312,65,0,0,-1,0,-1,0
3313,65,1,0,-1,0,-1,0
3314,65,-1,1,-1,0,-1,0
3315,65,0,1,-1,0,-1,0
3316,65,1,1,-1,0,-1,0
3317,65,-1,-1,0,0,-1,0
3318,65,0,-1,0,0,-1,0
3319,65,1,-1,0,0,-1,0
3320,65,-1,0,0,0,-1,0
3321,65,1,0,0,0,-1,0
3322,65,-1,1,0,0,-1,0
3323,65,0,1,0,0,-1,0
3324,65,1,1,0,0,-1,0
3325,65,-1,-1,1,0,-1,0
3326,65,0,-1,1,0,-1,0
3327,65,1,-1,1,0,-1,0
3328,65,-1,0,1,0,-1,0
3329,65,0,0,1,0,-1,0
3330,65,1,0,1,0,-1,0
3331,65,-1,1,1,0,-1,0
3332,65,0,1,1,0,-1,0
3333,65,1,1,1,0,-1,0
3334,65,-1,-1,-1,1,-1,0
3335,65,0,-1,-1,1,-1,0
3336,65,1,-1,-1,1,-1,0
3337,65,-1,0,-1,1,-1,0
3338,65,0,0,-1,1,-1,0
3339,65,1,0,-1,1,-1,0
3340,65,-1,1,-1,1,-1,0
3341,65,0,1,-1,1,-1,0
3342,65,1,1,-1,1,-1,0
3343,65,-1,-1,0,1,-1,0
3344,65,0,-1,0,1,-1,0
3345,65,1,-1,0,1,-1,0
3346,65,-1,0,0,1,-1,0
3347,65,0,0,0,1,-1,0
3348,65,1,0,0,1,-1,0
3349,65,-1,1,0,1,-1,0
3350,65,0,1,0,1,-1,0
3351,65,1,1,0,1,-1,0
3352,65,-1,-1,1,1,-1,0
3353,65,0,-1,1,1,-1,0
3354,65,1,-1,1,1,-1,0
3355,65,-1,0,1,1,-1,0
3356,65,0,0,1,1,-1,0
3357,65,1,0,1,1,-1,0
3358,65,-1,1,1,1,-1,0
3359,65,0,1,1,1,-1,0
3360,65,1,1,1,1,-1,0
3361,65,-1,-1,-1,-1,0,0
3362,65,0,-1,-1,-1,0,0
3363,65,1,-1,-1,-1,0,0
3364,65,-1,0,-1,-1,0,0
3365,65,0,0,-1,-1,0,0
3366,65,1,0,-1,-1,0,0
3367,65,-1,1,-1,-1,0,0
3368,65,0,1,-1,-1,0,0
3369,65,1,1,-1,-1,0,0
3370,65,-1,-1,0,-1,0,0
3371,65,0,-1,0,-1,0,0
3372,65,1,-1,0,-1,0,0
3373,65,-1,0,0,-1,0,0
3374,65,1,0,0,-1,0,0
3375,65,-1,1,0,-1,0,0
3376,65,0,1,0,-1,0,0
3377,65,1,1,0,-1,0,0
3378,65,-1,-1,1,-1,0,0
3379,65,0,-1,1,-1,0,0
3380,65,1,-1,1,-1,0,0
3381,65,-1,0,1,-1,0,0
3382,65,0,0,1,-1,0,0
3383,65,1,0,1,-1,0,0
3384,65,-1,1,1,-1,0,0
3385,65,0,1,1,-1,0,0
3386,65,1,1,1,-1,0,0
3387,65,-1,-1,-1,0,0,0
3388,65,0,-1,-1,0,0,0
3389,65,1,-1,-1,0,0,0
3390,65,-1,0,-1,0,0,0
3391,65,1,0,-1,0,0,0
3392,65,-1,1,-1,0,0,0
3393,65,0,1,-1,0,0,0
3394,65,1,1,-1,0,0,0
3395,65,-1,-1,0,0,0,0
3396,65,1,-1,0,0,0,0
3397,65,-1,1,0,0,0,0
3398,65,1,1,0,0,0,0
3399,65,-1,-1,1,0,0,0
3400,65,0,-1,1,0,0,0
3401,65,1,-1,1,0,0,0
3402,65,-1,0,1,0,0,0
3403,65,1,0,1,0,0,0
3404,65,-1,1,1,0,0,0
3405,65,0,1,1,0,0,0
3406,65,1,1,1,0,0,0
3407,65,-1,-1,-1,1,0,0
3408,65,0,-1,-1,1,0,0
3409,65,1,-1,-1,1,0,0
3410,65,-1,0,-1,1,0,0
3411,65,0,0,-1,1,0,0
3412,65,1,0,-1,1,0,0
3413,65,-1,1,-1,1,0,0
3414,65,0,1,-1,1,0,0
3415,65,1,1,-1,1,0,0
3416,65,-1,-1,0,1,0,0
3417,65,0,-1,0,1,0,0
3418,65,1,-1,0,1,0,0
3419,65,-1,0,0,1,0,0
3420,65,1,0,0,1,0,0
3421,65,-1,1,0,1,0,0
3422,65,0,1,0,1,0,0
3423,65,1,1,0,1,0,0
3424,65,-1,-1,1,1,0,0
3425,65,0,-1,1,1,0,0
3426,65,1,-1,1,1,0,0
3427,65,-1,0,1,1,0,0
3428,65,0,0,1,1,0,0
3429,65,1,0,1,1,0,0
3430,65,-1,1,1,1,0,0
3431,65,0,1,1,1,0,0
3432,65,1,1,1,1,0,0
3433,65,-1,-1,-1,-1,1,0
3434,65,0,-1,-1,-1,1,0
3435,65,1,-1,-1,-1,1,0
3436,65,-1,0,-1,-1,1,0
3437,65,0,0,-1,-1,1,0
3438,65,1,0,-1,-1,1,0
3439,65,-1,1,-1,-1,1,0
3440,65,0,1,-1,-1,1,0
3441,65,1,1,-1,-1,1,0
3442,65,-1,-1,0,-1,1,0
3443,65,0,-1,0,-1,1,0
3444,65,1,-1,0,-1,1,0
3445,65,-1,0,0,-1,1,0
3446,65,0,0,0,-1,1,0
3447,65,1,0,0,-1,1,0
3448,65,-1,1,0,-1,1,0
3449,65,0,1,0,-1,1,0
3450,65,1,1,0,-1,1,0
3451,65,-1,-1,1,-1,1,0
3452,65,0,-1,1,-1,1,0
3453,65,1,-1,1,-1,1,0
3454,65,-1,0,1,-1,1,0
3455,65,0,0,1,-1,1,0
3456,65,1,0,1,-1,1,0
3457,65,-1,1,1,-1,1,0
3458,65,0,1,1,-1,1,0
3459,65,1,1,1,-1,1,0
3460,65,-1,-1,-1,0,1,0
3461,65,0,-1,-1,0,1,0
3462,65,1,-1,-1,0,1,0
3463,65,-1,0,-1,0,1,0
3464,65,0,0,-1,0,1,0
3465,65,1,0,-1,0,1,0
3466,65,-1,1,-1,0,1,0
3467,65,0,1,-1,0,1,0
3468,65,1,1,-1,0,1,0
3469,65,-1,-1,0,0,1,0
3470,65,0,-1,0,0,1,0
3471,65,1,-1,0,0,1,0
3472,65,-1,0,0,0,1,0
3473,65,1,0,0,0,1,0
3474,65,-1,1,0,0,1,0
3475,65,0,1,0,0,1,0
3476,65,1,1,0,0,1,0
3477,65,-1,-1,1,0,1,0
3478,65,0,-1,1,0,1,0
3479,65,1,-1,1,0,1,0
3480,65,-1,0,1,0,1,0
3481,65,0,0,1,0,1,0
3482,65,1,0,1,0,1,0
3483,65,-1,1,1,0,1,0
3484,65,0,1,1,0,1,0
3485,65,1,1,1,0,1,0
3486,65,-1,-1,-1,1,1,0
3487,65,0,-1,-1,1,1,0
3488,65,1,-1,-1,1,1,0
3489,65,-1,0,-1,1,1,0
3490,65,0,0,-1,1,1,0
3491,65,1,0,-1,1,1,0
3492,65,-1,1,-1,1,1,0
3493,65,0,1,-1,1,1,0
3494,65,1,1,-1,1,1,0
3495,65,-1,-1,0,1,1,0
3496,65,0,-1,0,1,1,0
3497,65,1,-1,0,1,1,0
3498,65,-1,0,0,1,1,0
3499,65,0,0,0,1,1,0
3500,65,1,0,0,1,1,0
3501,65,-1,1,0,1,1,0
3502,65,0,1,0,1,1,0
3503,65,1,1,0,1,1,0
3504,65,-1,-1,1,1,1,0
3505,65,0,-1,1,1,1,0
3506,65,1,-1,1,1,1,0
3507,65,-1,0,1,1,1,0
3508,65,0,0,1,1,1,0
3509,65,1,0,1,1,1,0
3510,65,-1,1,1,1,1,0
3511,65,0,1,1,1,1,0
3512,65,1,1,1,1,1,0
3513,65,0,-1,-1,-1,-1,1
3514,65,-1,0,-1,-1,-1,1
3515,65,0,0,-1,-1,-1,1
3516,65,1,0,-1,-1,-1,1
3517,65,0,1,-1,-1,-1,1
3518,65,-1,-1,0,-1,-1,1
3519,65,0,-1,0,-1,-1,1
3520,65,1,-1,0,-1,-1,1
3521,65,-1,0,0,-1,-1,1
3522,65,0,0,0,-1,-1,1
3523,65,1,0,0,-1,-1,1
3524,65,-1,1,0,-1,-1,1
3525,65,0,1,0,-1,-1,1
3526,65,1,1,0,-1,-1,1
3527,65,0,-1,1,-1,-1,1
3528,65,-1,0,1,-1,-1,1
3529,65,0,0,1,-1,-1,1
3530,65,1,0,1,-1,-1,1
3531,65,0,1,1,-1,-1,1
3532,65,-1,-1,-1,0,-1,1
3533,65,0,-1,-1,0,-1,1
3534,65,1,-1,-1,0,-1,1
3535,65,-1,0,-1,0,-1,1
3536,65,0,0,-1,0,-1,1
3537,65,1,0,-1,0,-1,1
3538,65,-1,1,-1,0,-1,1
3539,65,0,1,-1,0,-1,1
3540,65,1,1,-1,0,-1,1
3541,65,-1,-1,0,0,-1,1
3542,65,0,-1,0,0,-1,1
3543,65,1,-1,0,0,-1,1
3544,65,-1,0,0,0,-1,1
3545,65,0,0,0,0,-1,1
3546,65,1,0,0,0,-1,1
3547,65,-1,1,0,0,-1,1
3548,65,0,1,0,0,-1,1
3549,65,1,1,0,0,-1,1
3550,65,-1,-1,1,0,-1,1
3551,65,0,-1,1,0,-1,1
3552,65,1,-1,1,0,-1,1
3553,65,-1,0,1,0,-1,1
3554,65,0,0,1,0,-1,1
3555,65,1,0,1,0,-1,1
3556,65,-1,1,1,0,-1,1
3557,65,0,1,1,0,-1,1
3558,65,1,1,1,0,-1,1
3559,65,0,-1,-1,1,-1,1
3560,65,-1,0,-1,1,-1,1
3561,65,0,0,-1,1,-1,1
3562,65,1,0,-1,1,-1,1
3563,65,0,1,-1,1,-1,1
3564,65,-1,-1,0,1,-1,1
3565,65,0,-1,0,1,-1,1
3566,65,1,-1,0,1,-1,1
3567,65,-1,0,0,1,-1,1
3568,65,0,0,0,1,-1,1
3569,65,1,0,0,1,-1,1
3570,65,-1,1,0,1,-1,1
3571,65,0,1,0,1,-1,1
3572,65,1,1,0,1,-1,1
3573,65,0,-1,1,1,-1,1
3574,65,-1,0,1,1,-1,1
3575,65,0,0,1,1,-1,1
3576,65,1,0,1,1,-1,1
3577,65,0,1,1,1,-1,1
3578,65,-1,-1,-1,-1,0,1
3579,65,0,-1,-1,-1,0,1
3580,65,1,-1,-1,-1,0,1
3581,65,-1,0,-1,-1,0,1
3582,65,0,0,-1,-1,0,1
3583,65,1,0,-1,-1,0,1
3584,65,-1,1,-1,-1,0,1
3585,65,0,1,-1,-1,0,1
3586,65,1,1,-1,-1,0,1
3587,65,-1,-1,0,-1,0,1
3588,65,0,-1,0,-1,0,1
3589,65,1,-1,0,-1,0,1
3590,65,-1,0,0,-1,0,1
3591,65,0,0,0,-1,0,1
3592,65,1,0,0,-1,0,1
3593,65,-1,1,0,-1,0,1
3594,65,0,1,0,-1,0,1
3595,65,1,1,0,-1,0,1
3596,65,-1,-1,1,-1,0,1
3597,65,0,-1,1,-1,0,1
3598,65,1,-1,1,-1,0,1
3599,65,-1,0,1,-1,0,1
3600,65,0,0,1,-1,0,1
3601,65,1,0,1,-1,0,1
3602,65,-1,1,1,-1,0,1
3603,65,0,1,1,-1,0,1
3604,65,1,1,1,-1,0,1
3605,65,-1,-1,-1,0,0,1
3606,65,0,-1,-1,0,0,1
3607,65,1,-1,-1,0,0,1
3608,65,-1,0,-1,0,0,1
3609,65,0,0,-1,0,0,1
3610,65,1,0,-1,0,0,1
3611,65,-1,1,-1,0,0,1
3612,65,0,1,-1,0,0,1
3613,65,1,1,-1,0,0,1
3614,65,-1,-1,0,0,0,1
3615,65,0,-1,0,0,0,1
3616,65,1,-1,0,0,0,1
3617,65,-1,0,0,0,0,1
3618,65,1,0,0,0,0,1
3619,65,-1,1,0,0,0,1
3620,65,0,1,0,0,0,1
3621,65,1,1,0,0,0,1
3622,65,-1,-1,1,0,0,1
3623,65,0,-1,1,0,0,1
3624,65,1,-1,1,0,0,1
3625,65,-1,0,1,0,0,1
3626,65,0,0,1,0,0,1
3627,65,1,0,1,0,0,1
3628,65,-1,1,1,0,0,1
3629,65,0,1,1,0,0,1
3630,65,1,1,1,0,0,1
3631,65,-1,-1,-1,1,0,1
3632,65,0,-1,-1,1,0,1
3633,65,1,-1,-1,1,0,1
3634,65,-1,0,-1,1,0,1
3635,65,0,0,-1,1,0,1
3636,65,1,0,-1,1,0,1
3637,65,-1,1,-1,1,0,1
3638,65,0,1,-1,1,0,1
3639,65,1,1,-1,1,0,1
3640,65,-1,-1,0,1,0,1
3641,65,0,-1,0,1,0,1
3642,65,1,-1,0,1,0,1
3643,65,-1,0,0,1,0,1
3644,65,0,0,0,1,0,1
3645,65,1,0,0,1,0,1
3646,65,-1,1,0,1,0,1
3647,65,0,1,0,1,0,1
3648,65,1,1,0,1,0,1
3649,65,-1,-1,1,1,0,1
3650,65,0,-1,1,1,0,1
3651,65,1,-1,1,1,0,1
3652,65,-1,0,1,1,0,1
3653,65,0,0,1,1,0,1
3654,65,1,0,1,1,0,1
3655,65,-1,1,1,1,0,1
3656,65,0,1,1,1,0,1
3657,65,1,1,1,1,0,1
3658,65,0,-1,-1,-1,1,1
3659,65,-1,0,-1,-1,1,1
3660,65,0,0,-1,-1,1,1
3661,65,1,0,-1,-1,1,1
3662,65,0,1,-1,-1,1,1
3663,65,-1,-1,0,-1,1,1
3664,65,0,-1,0,-1,1,1
3665,65,1,-1,0,-1,1,1
3666,65,-1,0,0,-1,1,1
3667,65,0,0,0,-1,1,1
3668,65,1,0,0,-1,1,1
3669,65,-1,1,0,-1,1,1
3670,65,0,1,0,-1,1,1
3671,65,1,1,0,-1,1,1
3672,65,0,-1,1,-1,1,1
3673,65,-1,0,1,-1,1,1
3674,65,0,0,1,-1,1,1
3675,65,1,0,1,-1,1,1
3676,65,0,1,1,-1,1,1
3677,65,-1,-1,-1,0,1,1
3678,65,0,-1,-1,0,1,1
3679,65,1,-1,-1,0,1,1
3680,65,-1,0,-1,0,1,1
3681,65,0,0,-1,0,1,1
3682,65,1,0,-1,0,1,1
3683,65,-1,1,-1,0,1,1
3684,65,0,1,-1,0,1,1
3685,65,1,1,-1,0,1,1
3686,65,-1,-1,0,0,1,1
3687,65,0,-1,0,0,1,1
3688,65,1,-1,0,0,1,1
3689,65,-1,0,0,0,1,1
3690,65,0,0,0,0,1,1
3691,65,1,0,0,0,1,1
3692,65,-1,1,0,0,1,1
3693,65,0,1,0,0,1,1
3694,65,1,1,0,0,1,1
3695,65,-1,-1,1,0,1,1
3696,65,0,-1,1,0,1,1
3697,65,1,-1,1,0,1,1
3698,65,-1,0,1,0,1,1
3699,65,0,0,1,0,1,1
3700,65,1,0,1,0,1,1
3701,65,-1,1,1,0,1,1
3702,65,0,1,1,0,1,1
3703,65,1,1,1,0,1,1
3704,65,0,-1,-1,1,1,1
3705,65,-1,0,-1,1,1,1
3706,65,0,0,-1,1,1,1
3707,65,1,0,-1,1,1,1
3708,65,0,1,-1,1,1,1
3709,65,-1,-1,0,1,1,1
3710,65,0,-1,0,1,1,1
3711,65,1,-1,0,1,1,1
3712,65,-1,0,0,1,1,1
3713,65,0,0,0,1,1,1
3714,65,1,0,0,1,1,1
3715,65,-1,1,0,1,1,1
3716,65,0,1,0,1,1,1
3717,65,1,1,0,1,1,1
3718,65,0,-1,1,1,1,1
3719,65,-1,0,1,1,1,1
3720,65,0,0,1,1,1,1
3721,65,1,0,1,1,1,1
3722,65,0,1,1,1,1,1
3723,75,0,-1,-1,-1,-1,-1
3724,75,-1,0,-1,-1,-1,-1
3725,75,0,0,-1,-1,-1,-1
3726,75,1,0,-1,-1,-1,-1
3727,75,0,1,-1,-1,-1,-1
3728,75,-1,-1,0,-1,-1,-1
3729,75,0,-1,0,-1,-1,-1
3730,75,1,-1,0,-1,-1,-1
3731,75,-1,0,0,-1,-1,-1
3732,75,0,0,0,-1,-1,-1
3733,75,1,0,0,-1,-1,-1
3734,75,-1,1,0,-1,-1,-1
3735,75,0,1,0,-1,-1,-1
3736,75,1,1,0,-1,-1,-1
3737,75,0,-1,1,-1,-1,-1
3738,75,-1,0,1,-1,-1,-1
3739,75,0,0,1,-1,-1,-1
3740,75,1,0,1,-1,-1,-1
3741,75,0,1,1,-1,-1,-1
3742,75,-1,-1,-1,0,-1,-1
3743,75,0,-1,-1,0,-1,-1
3744,75,1,-1,-1,0,-1,-1
3745,75,-1,0,-1,0,-1,-1
3746,75,0,0,-1,0,-1,-1
3747,75,1,0,-1,0,-1,-1
3748,75,-1,1,-1,0,-1,-1
3749,75,0,1,-1,0,-1,-1
3750,75,1,1,-1,0,-1,-1
3751,75,-1,-1,0,0,-1,-1
3752,75,0,-1,0,0,-1,-1
3753,75,1,-1,0,0,-1,-1
3754,75,-1,0,0,0,-1,-1
3755,75,0,0,0,0,-1,-1
3756,75,1,0,0,0,-1,-1
3757,75,-1,1,0,0,-1,-1
3758,75,0,1,0,0,-1,-1
3759,75,1,1,0,0,-1,-1
3760,75,-1,-1,1,0,-1,-1
3761,75,0,-1,1,0,-1,-1
3762,75,1,-1,1,0,-1,-1
3763,75,-1,0,1,0,-1,-1
3764,75,0,0,1,0,-1,-1
3765,75,1,0,1,0,-1,-1
3766,75,-1,1,1,0,-1,-1
3767,75,0,1,1,0,-1,-1
3768,75,1,1,1,0,-1,-1
3769,75,0,-1,-1,1,-1,-1
3770,75,-1,0,-1,1,-1,-1
3771,75,0,0,-1,1,-1,-1
3772,75,1,0,-1,1,-1,-1
3773,75,0,1,-1,1,-1,-1
3774,75,-1,-1,0,1,-1,-1
3775,75,0,-1,0,1,-1,-1
3776,75,1,-1,0,1,-1,-1
3777,75,-1,0,0,1,-1,-1
3778,75,0,0,0,1,-1,-1
3779,75,1,0,0,1,-1,-1
3780,75,-1,1,0,1,-1,-1
3781,75,0,1,0,1,-1,-1
3782,75,1,1,0,1,-1,-1
3783,75,0,-1,1,1,-1,-1
3784,75,-1,0,1,1,-1,-1
3785,75,0,0,1,1,-1,-1
3786,75,1,0,1,1,-1,-1
3787,75,0,1,1,1,-1,-1
3788,75,-1,-1,-1,-1,0,-1
3789,75,0,-1,-1,-1,0,-1
3790,75,1,-1,-1,-1,0,-1
3791,75,-1,0,-1,-1,0,-1
3792,75,0,0,-1,-1,0,-1
3793,75,1,0,-1,-1,0,-1
3794,75,-1,1,-1,-1,0,-1
3795,75,0,1,-1,-1,0,-1
3796,75,1,1,-1,-1,0,-1
3797,75,-1,-1,0,-1,0,-1
3798,75,0,-1,0,-1,0,-1
3799,75,1,-1,0,-1,0,-1
3800,75,-1,0,0,-1,0,-1
3801,75,0,0,0,-1,0,-1
3802,75,1,0,0,-1,0,-1
3803,75,-1,1,0,-1,0,-1
3804,75,0,1,0,-1,0,-1
3805,75,1,1,0,-1,0,-1
3806,75,-1,-1,1,-1,0,-1
3807,75,0,-1,1,-1,0,-1
3808,75,1,-1,1,-1,0,-1
3809,75,-1,0,1,-1,0,-1
3810,75,0,0,1,-1,0,-1
3811,75,1,0,1,-1,0,-1
3812,75,-1,1,1,-1,0,-1
3813,75,0,1,1,-1,0,-1
3814,75,1,1,1,-1,0,-1
3815,75,-1,-1,-1,0,0,-1
3816,75,0,-1,-1,0,0,-1
3817,75,1,-1,-1,0,0,-1
3818,75,-1,0,-1,0,0,-1
3819,75,0,0,-1,0,0,-1
3820,75,1,0,-1,0,0,-1
3821,75,-1,1,-1,0,0,-1
3822,75,0,1,-1,0,0,-1
3823,75,1,1,-1,0,0,-1
3824,75,-1,-1,0,0,0,-1
3825,75,0,-1,0,0,0,-1
3826,75,1,-1,0,0,0,-1
3827,75,-1,0,0,0,0,-1
3828,75,1,0,0,0,0,-1
3829,75,-1,1,0,0,0,-1
3830,75,0,1,0,0,0,-1
3831,75,1,1,0,0,0,-1
3832,75,-1,-1,1,0,0,-1
3833,75,0,-1,1,0,0,-1
3834,75,1,-1,1,0,0,-1
3835,75,-1,0,1,0,0,-1
3836,75,0,0,1,0,0,-1
3837,75,1,0,1,0,0,-1
3838,75,-1,1,1,0,0,-1
3839,75,0,1,1,0,0,-1
3840,75,1,1,1,0,0,-1
3841,75,-1,-1,-1,1,0,-1
3842,75,0,-1,-1,1,0,-1
3843,75,1,-1,-1,1,0,-1
3844,75,-1,0,-1,1,0,-1
3845,75,0,0,-1,1,0,-1
3846,75,1,0,-1,1,0,-1
3847,75,-1,1,-1,1,0,-1
3848,75,0,1,-1,1,0,-1
3849,75,1,1,-1,1,0,-1
3850,75,-1,-1,0,1,0,-1
3851,75,0,-1,0,1,0,-1
3852,75,1,-1,0,1,0,-1
3853,75,-1,0,0,1,0,-1
3854,75,0,0,0,1,0,-1
3855,75,1,0,0,1,0,-1
3856,75,-1,1,0,1,0,-1
3857,75,0,1,0,1,0,-1
3858,75,1,1,0,1,0,-1
3859,75,-1,-1,1,1,0,-1
3860,75,0,-1,1,1,0,-1
3861,75,1,-1,1,1,0,-1
3862,75,-1,0,1,1,0,-1
3863,75,0,0,1,1,0,-1
3864,75,1,0,1,1,0,-1
3865,75,-1,1,1,1,0,-1
3866,75,0,1,1,1,0,-1
3867,75,1,1,1,1,0,-1
3868,75,0,-1,-1,-1,1,-1
3869,75,-1,0,-1,-1,1,-1
3870,75,0,0,-1,-1,1,-1
3871,75,1,0,-1,-1,1,-1
3872,75,0,1,-1,-1,1,-1
3873,75,-1,-1,0,-1,1,-1
3874,75,0,-1,0,-1,1,-1
3875,75,1,-1,0,-1,1,-1
3876,75,-1,0,0,-1,1,-1
3877,75,0,0,0,-1,1,-1
3878,75,1,0,0,-1,1,-1
3879,75,-1,1,0,-1,1,-1
3880,75,0,1,0,-1,1,-1
3881,75,1,1,0,-1,1,-1
3882,75,0,-1,1,-1,1,-1
3883,75,-1,0,1,-1,1,-1
3884,75,0,0,1,-1,1,-1
3885,75,1,0,1,-1,1,-1
3886,75,0,1,1,-1,1,-1
3887,75,-1,-1,-1,0,1,-1
3888,75,0,-1,-1,0,1,-1
3889,75,1,-1,-1,0,1,-1
3890,75,-1,0,-1,0,1,-1
3891,75,0,0,-1,0,1,-1
3892,75,1,0,-1,0,1,-1
3893,75,-1,1,-1,0,1,-1
3894,75,0,1,-1,0,1,-1
3895,75,1,1,-1,0,1,-1
3896,75,-1,-1,0,0,1,-1
3897,75,0,-1,0,0,1,-1
3898,75,1,-1,0,0,1,-1
3899,75,-1,0,0,0,1,-1
3900,75,0,0,0,0,1,-1
3901,75,1,0,0,0,1,-1
3902,75,-1,1,0,0,1,-1
3903,75,0,1,0,0,1,-1
3904,75,1,1,0,0,1,-1
3905,75,-1,-1,1,0,1,-1
3906,75,0,-1,1,0,1,-1
3907,75,1,-1,1,0,1,-1
3908,75,-1,0,1,0,1,-1
3909,75,0,0,1,0,1,-1
3910,75,1,0,1,0,1,-1
3911,75,-1,1,1,0,1,-1
3912,75,0,1,1,0,1,-1
3913,75,1,1,1,0,1,-1
3914,75,0,-1,-1,1,1,-1
3915,75,-1,0,-1,1,1,-1
3916,75,0,0,-1,1,1,-1
3917,75,1,0,-1,1,1,-1
3918,75,0,1,-1,1,1,-1
3919,75,-1,-1,0,1,1,-1
3920,75,0,-1,0,1,1,-1
3921,75,1,-1,0,1,1,-1
3922,75,-1,0,0,1,1,-1
3923,75,0,0,0,1,1,-1
3924,75,1,0,0,1,1,-1
3925,75,-1,1,0,1,1,-1
3926,75,0,1,0,1,1,-1
3927,75,1,1,0,1,1,-1
3928,75,0,-1,1,1,1,-1
3929,75,-1,0,1,1,1,-1
3930,75,0,0,1,1,1,-1
3931,75,1,0,1,1,1,-1
3932,75,0,1,1,1,1,-1
3933,75,-1,-1,-1,-1,-1,0
3934,75,0,-1,-1,-1,-1,0
3935,75,1,-1,-1,-1,-1,0
3936,75,-1,0,-1,-1,-1,0
3937,75,0,0,-1,-1,-1,0
3938,75,1,0,-1,-1,-1,0
3939,75,-1,1,-1,-1,-1,0
3940,75,0,1,-1,-1,-1,0
3941,75,1,1,-1,-1,-1,0
3942,75,-1,-1,0,-1,-1,0
3943,75,0,-1,0,-1,-1,0
3944,75,1,-1,0,-1,-1,0
3945,75,-1,0,0,-1,-1,0
3946,75,0,0,0,-1,-1,0
3947,75,1,0,0,-1,-1,0
3948,75,-1,1,0,-1,-1,0
3949,75,0,1,0,-1,-1,0
3950,75,1,1,0,-1,-1,0
3951,75,-1,-1,1,-1,-1,0
3952,75,0,-1,1,-1,-1,0
3953,75,1,-1,1,-1,-1,0
3954,75,-1,0,1,-1,-1,0
3955,75,0,0,1,-1,-1,0
3956,75,1,0,1,-1,-1,0
3957,75,-1,1,1,-1,-1,0
3958,75,0,1,1,-1,-1,0
3959,75,1,1,1,-1,-1,0
3960,75,-1,-1,-1,0,-1,0
3961,75,0,-1,-1,0,-1,0
3962,75,1,-1,-1,0,-1,0
3963,75,-1,0,-1,0,-1,0
3964,75,0,0,-1,0,-1,0
3965,75,1,0,-1,0,-1,0
3966,75,-1,1,-1,0,-1,0
3967,75,0,1,-1,0,-1,0
3968,75,1,1,-1,0,-1,0
3969,75,-1,-1,0,0,-1,0
3970,75,0,-1,0,0,-1,0
3971,75,1,-1,0,0,-1,0
3972,75,-1,0,0,0,-1,0
3973,75,1,0,0,0,-1,0
3974,75,-1,1,0,0,-1,0
3975,75,0,1,0,0,-1,0
3976,75,1,1,0,0,-1,0
3977,75,-1,-1,1,0,-1,0
3978,75,0,-1,1,0,-1,0
3979,75,1,-1,1,0,-1,0
3980,75,-1,0,1,0,-1,0
3981,75,0,0,1,0,-1,0
3982,75,1,0,1,0,-1,0
3983,75,-1,1,1,0,-1,0
3984,75,0,1,1,0,-1,0
3985,75,1,1,1,0,-1,0
3986,75,-1,-1,-1,1,-1,0
3987,75,0,-1,-1,1,-1,0
3988,75,1,-1,-1,1,-1,0
3989,75,-1,0,-1,1,-1,0
3990,75,0,0,-1,1,-1,0
3991,75,1,0,-1,1,-1,0
3992,75,-1,1,-1,1,-1,0
3993,75,0,1,-1,1,-1,0
3994,75,1,1,-1,1,-1,0
3995,75,-1,-1,0,1,-1,0
3996,75,0,-1,0,1,-1,0
3997,75,1,-1,0,1,-1,0
3998,75,-1,0,0,1,-1,0
3999,75,0,0,0,1,-1,0
4000,75,1,0,0,1,-1,0
4001,75,-1,1,0,1,-1,0
4002,75,0,1,0,1,-1,0
4003,75,1,1,0,1,-1,0
4004,75,-1,-1,1,1,-1,0
4005,75,0,-1,1,1,-1,0
4006,75,1,-1,1,1,-1,0
4007,75,-1,0,1,1,-1,0
4008,75,0,0,1,1,-1,0
4009,75,1,0,1,1,-1,0
4010,75,-1,1,1,1,-1,0
4011,75,0,1,1,1,-1,0
4012,75,1,1,1,1,-1,0
4013,75,-1,-1,-1,-1,0,0
4014,75,0,-1,-1,-1,0,0
4015,75,1,-1,-1,-1,0,0
4016,75,-1,0,-1,-1,0,0
4017,75,0,0,-1,-1,0,0
4018,75,1,0,-1,-1,0,0
4019,75,-1,1,-1,-1,0,0
4020,75,0,1,-1,-1,0,0
4021,75,1,1,-1,-1,0,0
4022,75,-1,-1,0,-1,0,0
4023,75,0,-1,0,-1,0,0
4024,75,1,-1,0,-1,0,0
4025,75,-1,0,0,-1,0,0
4026,75,1,0,0,-1,0,0
4027,75,-1,1,0,-1,0,0
4028,75,0,1,0,-1,0,0
4029,75,1,1,0,-1,0,0
4030,75,-1,-1,1,-1,0,0
4031,75,0,-1,1,-1,0,0
4032,75,1,-1,1,-1,0,0
4033,75,-1,0,1,-1,0,0
4034,75,0,0,1,-1,0,0
4035,75,1,0,1,-1,0,0
4036,75,-1,1,1,-1,0,0
4037,75,0,1,1,-1,0,0
4038,75,1,1,1,-1,0,0
4039,75,-1,-1,-1,0,0,0
4040,75,0,-1,-1,0,0,0
4041,75,1,-1,-1,0,0,0
4042,75,-1,0,-1,0,0,0
4043,75,1,0,-1,0,0,0
4044,75,-1,1,-1,0,0,0
4045,75,0,1,-1,0,0,0
4046,75,1,1,-1,0,0,0
4047,75,-1,-1,0,0,0,0
4048,75,1,-1,0,0,0,0
4049,75,-1,1,0,0,0,0
4050,75,1,1,0,0,0,0
4051,75,-1,-1,1,0,0,0
4052,75,0,-1,1,0,0,0
4053,75,1,-1,1,0,0,0
4054,75,-1,0,1,0,0,0
4055,75,1,0,1,0,0,0
4056,75,-1,1,1,0,0,0
4057,75,0,1,1,0,0,0
4058,75,1,1,1,0,0,0
4059,75,-1,-1,-1,1,0,0
4060,75,0,-1,-1,1,0,0
4061,75,1,-1,-1,1,0,0
4062,75,-1,0,-1,1,0,0
4063,75,0,0,-1,1,0,0
4064,75,1,0,-1,1,0,0
4065,75,-1,1,-1,1,0,0
4066,75,0,1,-1,1,0,0
4067,75,1,1,-1,1,0,0
4068,75,-1,-1,0,1,0,0
4069,75,0,-1,0,1,0,0
4070,75,1,-1,0,1,0,0
4071,75,-1,0,0,1,0,0
4072,75,1,0,0,1,0,0
4073,75,-1,1,0,1,0,0
4074,75,0,1,0,1,0,0
4075,75,1,1,0,1,0,0
4076,75,-1,-1,1,1,0,0
4077,75,0,-1,1,1,0,0
4078,75,1,-1,1,1,0,0
4079,75,-1,0,1,1,0,0
4080,75,0,0,1,1,0,0
4081,75,1,0,1,1,0,0
4082,75,-1,1,1,1,0,0
4083,75,0,1,1,1,0,0
4084,75,1,1,1,1,0,0
4085,75,-1,-1,-1,-1,1,0
4086,75,0,-1,-1,-1,1,0
4087,75,1,-1,-1,-1,1,0
4088,75,-1,0,-1,-1,1,0
4089,75,0,0,-1,-1,1,0
4090,75,1,0,-1,-1,1,0
4091,75,-1,1,-1,-1,1,0
4092,75,0,1,-1,-1,1,0
4093,75,1,1,-1,-1,1,0
4094,75,-1,-1,0,-1,1,0
4095,75,0,-1,0,-1,1,0
4096,75,1,-1,0,-1,1,0
4097,75,-1,0,0,-1,1,0
4098,75,0,0,0,-1,1,0
4099,75,1,0,0,-1,1,0
4100,75,-1,1,0,-1,1,0
4101,75,0,1,0,-1,1,0
4102,75,1,1,0,-1,1,0
4103,75,-1,-1,1,-1,1,0
4104,75,0,-1,1,-1,1,0
4105,75,1,-1,1,-1,1,0
4106,75,-1,0,1,-1,1,0
4107,75,0,0,1,-1,1,0
4108,75,1,0,1,-1,1,0
4109,75,-1,1,1,-1,1,0
4110,75,0,1,1,-1,1,0
4111,75,1,1,1,-1,1,0
4112,75,-1,-1,-1,0,1,0
4113,75,0,-1,-1,0,1,0
4114,75,1,-1,-1,0,1,0
4115,75,-1,0,-1,0,1,0
4116,75,0,0,-1,0,1,0
4117,75,1,0,-1,0,1,0
4118,75,-1,1,-1,0,1,0
4119,75,0,1,-1,0,1,0
4120,75,1,1,-1,0,1,0
4121,75,-1,-1,0,0,1,0
4122,75,0,-1,0,0,1,0
4123,75,1,-1,0,0,1,0
4124,75,-1,0,0,0,1,0
4125,75,1,0,0,0,1,0
4126,75,-1,1,0,0,1,0
4127,75,0,1,0,0,1,0
4128,75,1,1,0,0,1,0
4129,75,-1,-1,1,0,1,0
4130,75,0,-1,1,0,1,0
4131,75,1,-1,1,0,1,0
4132,75,-1,0,1,0,1,0
4133,75,0,0,1,0,1,0
4134,75,1,0,1,0,1,0
4135,75,-1,1,1,0,1,0
4136,75,0,1,1,0,1,0
4137,75,1,1,1,0,1,0
4138,75,-1,-1,-1,1,1,0
4139,75,0,-1,-1,1,1,0
4140,75,1,-1,-1,1,1,0
4141,75,-1,0,-1,1,1,0
4142,75,0,0,-1,1,1,0
4143,75,1,0,-1,1,1,0
4144,75,-1,1,-1,1,1,0
4145,75,0,1,-1,1,1,0
4146,75,1,1,-1,1,1,0
4147,75,-1,-1,0,1,1,0
4148,75,0,-1,0,1,1,0
4149,75,1,-1,0,1,1,0
4150,75,-1,0,0,1,1,0
4151,75,0,0,0,1,1,0
4152,75,1,0,0,1,1,0
4153,75,-1,1,0,1,1,0
4154,75,0,1,0,1,1,0
4155,75,1,1,0,1,1,0
4156,75,-1,-1,1,1,1,0
4157,75,0,-1,1,1,1,0
4158,75,1,-1,1,1,1,0
4159,75,-1,0,1,1,1,0
4160,75,0,0,1,1,1,0
4161,75,1,0,1,1,1,0
4162,75,-1,1,1,1,1,0
4163,75,0,1,1,1,1,0
4164,75,1,1,1,1,1,0
4165,75,0,-1,-1,-1,-1,1
4166,75,-1,0,-1,-1,-1,1
4167,75,0,0,-1,-1,-1,1
4168,75,1,0,-1,-1,-1,1
4169,75,0,1,-1,-1,-1,1
4170,75,-1,-1,0,-1,-1,1
4171,75,0,-1,0,-1,-1,1
4172,75,1,-1,0,-1,-1,1
4173,75,-1,0,0,-1,-1,1
4174,75,0,0,0,-1,-1,1
4175,75,1,0,0,-1,-1,1
4176,75,-1,1,0,-1,-1,1
4177,75,0,1,0,-1,-1,1
4178,75,1,1,0,-1,-1,1
4179,75,0,-1,1,-1,-1,1
4180,75,-1,0,1,-1,-1,1
4181,75,0,0,1,-1,-1,1
4182,75,1,0,1,-1,-1,1
4183,75,0,1,1,-1,-1,1
4184,75,-1,-1,-1,0,-1,1
4185,75,0,-1,-1,0,-1,1
4186,75,1,-1,-1,0,-1,1
4187,75,-1,0,-1,0,-1,1
4188,75,0,0,-1,0,-1,1
4189,75,1,0,-1,0,-1,1
4190,75,-1,1,-1,0,-1,1
4191,75,0,1,-1,0,-1,1
4192,75,1,1,-1,0,-1,1
4193,75,-1,-1,0,0,-1,1
4194,75,0,-1,0,0,-1,1
4195,75,1,-1,0,0,-1,1
4196,75,-1,0,0,0,-1,1
4197,75,0,0,0,0,-1,1
4198,75,1,0,0,0,-1,1
4199,75,-1,1,0,0,-1,1
4200,75,0,1,0,0,-1,1
4201,75,1,1,0,0,-1,1
4202,75,-1,-1,1,0,-1,1
4203,75,0,-1,1,0,-1,1
4204,75,1,-1,1,0,-1,1
4205,75,-1,0,1,0,-1,1
4206,75,0,0,1,0,-1,1
4207,75,1,0,1,0,-1,1
4208,75,-1,1,1,0,-1,1
4209,75,0,1,1,0,-1,1
4210,75,1,1,1,0,-1,1
4211,75,0,-1,-1,1,-1,1
4212,75,-1,0,-1,1,-1,1
4213,75,0,0,-1,1,-1,1
4214,75,1,0,-1,1,-1,1
4215,75,0,1,-1,1,-1,1
4216,75,-1,-1,0,1,-1,1
4217,75,0,-1,0,1,-1,1
4218,75,1,-1,0,1,-1,1
4219,75,-1,0,0,1,-1,1
4220,75,0,0,0,1,-1,1
4221,75,1,0,0,1,-1,1
4222,75,-1,1,0,1,-1,1
4223,75,0,1,0,1,-1,1
4224,75,1,1,0,1,-1,1
4225,75,0,-1,1,1,-1,1
4226,75,-1,0,1,1,-1,1
4227,75,0,0,1,1,-1,1
4228,75,1,0,1,1,-1,1
4229,75,0,1,1,1,-1,1
4230,75,-1,-1,-1,-1,0,1
4231,75,0,-1,-1,-1,0,1
4232,75,1,-1,-1,-1,0,1
4233,75,-1,0,-1,-1,0,1
4234,75,0,0,-1,-1,0,1
4235,75,1,0,-1,-1,0,1
4236,75,-1,1,-1,-1,0,1
4237,75,0,1,-1,-1,0,1
4238,75,1,1,-1,-1,0,1
4239,75,-1,-1,0,-1,0,1
4240,75,0,-1,0,-1,0,1
4241,75,1,-1,0,-1,0,1
4242,75,-1,0,0,-1,0,1
4243,75,0,0,0,-1,0,1
4244,75,1,0,0,-1,0,1
4245,75,-1,1,0,-1,0,1
4246,75,0,1,0,-1,0,1
4247,75,1,1,0,-1,0,1
4248,75,-1,-1,1,-1,0,1
4249,75,0,-1,1,-1,0,1
4250,75,1,-1,1,-1,0,1
4251,75,-1,0,1,-1,0,1
4252,75,0,0,1,-1,0,1
4253,75,1,0,1,-1,0,1
4254,75,-1,1,1,-1,0,1
4255,75,0,1,1,-1,0,1
4256,75,1,1,1,-1,0,1
4257,75,-1,-1,-1,0,0,1
4258,75,0,-1,-1,0,0,1
4259,75,1,-1,-1,0,0,1
4260,75,-1,0,-1,0,0,1
4261,75,0,0,-1,0,0,1
4262,75,1,0,-1,0,0,1
4263,75,-1,1,-1,0,0,1
4264,75,0,1,-1,0,0,1
4265,75,1,1,-1,0,0,1
4266,75,-1,-1,0,0,0,1
4267,75,0,-1,0,0,0,1
4268,75,1,-1,0,0,0,1
4269,75,-1,0,0,0,0,1
4270,75,1,0,0,0,0,1
4271,75,-1,1,0,0,0,1
4272,75,0,1,0,0,0,1
4273,75,1,1,0,0,0,1
4274,75,-1,-1,1,0,0,1
4275,75,0,-1,1,0,0,1
4276,75,1,-1,1,0,0,1
4277,75,-1,0,1,0,0,1
4278,75,0,0,1,0,0,1
4279,75,1,0,1,0,0,1
4280,75,-1,1,1,0,0,1
4281,75,0,1,1,0,0,1
4282,75,1,1,1,0,0,1
4283,75,-1,-1,-1,1,0,1
4284,75,0,-1,-1,1,0,1
4285,75,1,-1,-1,1,0,1
4286,75,-1,0,-1,1,0,1
4287,75,0,0,-1,1,0,1
4288,75,1,0,-1,1,0,1
4289,75,-1,1,-1,1,0,1
4290,75,0,1,-1,1,0,1
4291,75,1,1,-1,1,0,1
4292,75,-1,-1,0,1,0,1
4293,75,0,-1,0,1,0,1
4294,75,1,-1,0,1,0,1
4295,75,-1,0,0,1,0,1
4296,75,0,0,0,1,0,1
4297,75,1,0,0,1,0,1
4298,75,-1,1,0,1,0,1
4299,75,0,1,0,1,0,1
4300,75,1,1,0,1,0,1
4301,75,-1,-1,1,1,0,1
4302,75,0,-1,1,1,0,1
4303,75,1,-1,1,1,0,1
4304,75,-1,0,1,1,0,1
4305,75,0,0,1,1,0,1
4306,75,1,0,1,1,0,1
4307,75,-1,1,1,1,0,1
4308,75,0,1,1,1,0,1
4309,75,1,1,1,1,0,1
4310,75,0,-1,-1,-1,1,1
4311,75,-1,0,-1,-1,1,1
4312,75,0,0,-1,-1,1,1
4313,75,1,0,-1,-1,1,1
4314,75,0,1,-1,-1,1,1
4315,75,-1,-1,0,-1,1,1
4316,75,0,-1,0,-1,1,1
4317,75,1,-1,0,-1,1,1
4318,75,-1,0,0,-1,1,1
4319,75,0,0,0,-1,1,1
4320,75,1,0,0,-1,1,1
4321,75,-1,1,0,-1,1,1
4322,75,0,1,0,-1,1,1
4323,75,1,1,0,-1,1,1
4324,75,0,-1,1,-1,1,1
4325,75,-1,0,1,-1,1,1
4326,75,0,0,1,-1,1,1
4327,75,1,0,1,-1,1,1
4328,75,0,1,1,-1,1,1
4329,75,-1,-1,-1,0,1,1
4330,75,0,-1,-1,0,1,1
4331,75,1,-1,-1,0,1,1
4332,75,-1,0,-1,0,1,1
4333,75,0,0,-1,0,1,1
4334,75,1,0,-1,0,1,1
4335,75,-1,1,-1,0,1,1
4336,75,0,1,-1,0,1,1
4337,75,1,1,-1,0,1,1
4338,75,-1,-1,0,0,1,1
4339,75,0,-1,0,0,1,1
4340,75,1,-1,0,0,1,1
4341,75,-1,0,0,0,1,1
4342,75,0,0,0,0,1,1
4343,75,1,0,0,0,1,1
4344,75,-1,1,0,0,1,1
4345,75,0,1,0,0,1,1
4346,75,1,1,0,0,1,1
4347,75,-1,-1,1,0,1,1
4348,75,0,-1,1,0,1,1
4349,75,1,-1,1,0,1,1
4350,75,-1,0,1,0,1,1
4351,75,0,0,1,0,1,1
4352,75,1,0,1,0,1,1
4353,75,-1,1,1,0,1,1
4354,75,0,1,1,0,1,1
4355,75,1,1,1,0,1,1
4356,75,0,-1,-1,1,1,1
4357,75,-1,0,-1,1,1,1
4358,75,0,0,-1,1,1,1
4359,75,1,0,-1,1,1,1
4360,75,0,1,-1,1,1,1
4361,75,-1,-1,0,1,1,1
4362,75,0,-1,0,1,1,1
4363,75,1,-1,0,1,1,1
4364,75,-1,0,0,1,1,1
4365,75,0,0,0,1,1,1
4366,75,1,0,0,1,1,1
4367,75,-1,1,0,1,1,1
4368,75,0,1,0,1,1,1
4369,75,1,1,0,1,1,1
4370,75,0,-1,1,1,1,1
4371,75,-1,0,1,1,1,1
4372,75,0,0,1,1,1,1
4373,75,1,0,1,1,1,1
4374,75,0,1,1,1,1,1
